Time,Voltage,gNA,gK,gL
0,-69.91268166796614,9.203248722466714e-12,2.9566740283674666e-15,0.0187
0.1,-69.82552646779396,7.415799283274295e-11,4.6611673417808445e-14,0.0187
0.2,-69.7385340939145,2.0072504574127516e-10,2.3253737844858053e-13,0.0187
0.30000000000000004,-69.65170424171879,3.5901829652278116e-10,7.243399580541641e-13,0.0187
0.4,-69.56503660750536,5.230091823944884e-10,1.7431662562878173e-12,0.0187
0.5,-69.47853088831438,6.792812902773763e-10,3.5635396920329738e-12,0.0187
0.6,-69.39218678180808,8.235398699091647e-10,6.509504837105798e-12,0.0187
0.7,-69.30600398620948,9.561343331028311e-10,1.0951061559857305e-11,0.0187
0.7999999999999999,-69.2199822002784,1.0791991936624371e-09,1.7300870772385082e-11,0.0187
0.8999999999999999,-69.134121123306,1.1952310750574847e-09,2.6011214903545722e-11,0.0187
0.9999999999999999,-69.04842045511674,1.3065087486702936e-09,3.75711972409425e-11,0.0187
1.0999999999999999,-68.96287989607251,1.4149252131738204e-09,5.2504165246561486e-11,0.0187
1.2,-68.8774991470767,1.5219931757465202e-09,7.136534385615545e-11,0.0187
1.3,-68.7922779095774,1.6289088793862923e-09,9.473966562503844e-11,0.0187
1.4000000000000001,-68.70721588556961,1.7366248626380244e-09,1.2323978538569693e-10,0.0187
1.5000000000000002,-68.62231277759666,1.8459135814458434e-09,1.575042678383909e-10,0.0187
1.6000000000000003,-68.53756828875096,1.957417487912797e-09,1.981959372074319e-10,0.0187
1.7000000000000004,-68.45298212267423,2.0716864396483314e-09,2.4600037876560144e-10,0.0187
1.8000000000000005,-68.3685539835574,2.1892048913102685e-09,3.0162458265963436e-10,0.0187
1.9000000000000006,-68.28428357614033,2.3104114102856515e-09,3.6579572106310455e-10,0.0187
2.0000000000000004,-68.20017060571112,2.435712648286702e-09,4.39260050241516e-10,0.0187
2.1000000000000005,-68.11621477810564,2.5654933990457196e-09,5.227819296399875e-10,0.0187
2.2000000000000006,-68.0324157997066,2.7001239281748217e-09,6.171429505984812e-10,0.0187
2.3000000000000007,-67.94877337744278,2.8399654129935022e-09,7.231411677648793e-10,0.0187
2.400000000000001,-67.86528721878815,2.9853740735247255e-09,8.415904267140152e-10,0.0187
2.500000000000001,-67.78195703176098,3.1367043936126328e-09,9.73319781692688e-10,0.0187
2.600000000000001,-67.69878252492282,3.294311704647638e-09,1.119172997798114e-09,0.0187
2.700000000000001,-67.61576340737751,3.4585543179373437e-09,1.2800081322617405e-09,0.0187
2.800000000000001,-67.53289938877026,3.629795333228704e-09,1.4566971898530944e-09,0.0187
2.9000000000000012,-67.45019017928654,3.8084042114643625e-09,1.650125847740689e-09,0.0187
3.0000000000000013,-67.36763548965108,3.994758173351059e-09,1.861193245450142e-09,0.0187
3.1000000000000014,-67.28523503112682,4.18924346747037e-09,2.0908118358446512e-09,0.0187
3.2000000000000015,-67.20298851551382,4.39225653958751e-09,2.339907293320942e-09,0.0187
3.3000000000000016,-67.12089565514825,4.604205126578903e-09,2.6094184756656473e-09,0.0187
3.4000000000000017,-67.0389561629012,4.825509292719438e-09,2.9002974362539254e-09,0.0187
3.5000000000000018,-66.95716975217769,5.056602422095519e-09,3.2135094834945715e-09,0.0187
3.600000000000002,-66.87553613691547,5.297932178079337e-09,3.5500332846350777e-09,0.0187
3.700000000000002,-66.79405503158398,5.5499614387444436e-09,3.910861011236534e-09,0.0187
3.800000000000002,-66.7127261511832,5.813169215577597e-09,4.296998523812981e-09,0.0187
3.900000000000002,-66.63154921124251,6.088051561686875e-09,4.7094655933031695e-09,0.0187
4.000000000000002,-66.5505239278196,6.375122474812095e-09,5.149296157205729e-09,0.0187
4.100000000000001,-66.46965001749922,6.674914799738675e-09,5.617538608361656e-09,0.0187
4.200000000000001,-66.38892719739218,6.987981134151707e-09,6.115256114511869e-09,0.0187
4.300000000000001,-66.30835518513405,7.314894741507e-09,6.64352696689235e-09,0.0187
4.4,-66.22793369888407,7.656250474119164e-09,7.203444956256307e-09,0.0187
4.5,-66.14766245732399,8.012665709352936e-09,7.796119774831487e-09,0.0187
4.6,-66.06754117965679,8.384781301543117e-09,8.422677442832574e-09,0.0187
4.699999999999999,-65.9875695856056,8.773262552049516e-09,9.084260758253274e-09,0.0187
4.799999999999999,-65.90774739541249,9.17880019966894e-09,9.782029768761047e-09,0.0187
4.899999999999999,-65.82807432983716,9.602111433472239e-09,1.0517162264609633e-08,0.0187
4.999999999999998,-65.74855011015586,1.0043940930004317e-08,1.1290854291571061e-08,0.0187
5.099999999999998,-65.6691744581601,1.0505061916675993e-08,1.2104320682969996e-08,0.0187
5.1999999999999975,-65.58994709615543,1.0986277263086015e-08,1.2958795609979315e-08,0.0187
5.299999999999997,-65.51086774696017,1.1488420601936557e-08,1.3855533149407257e-08,0.0187
5.399999999999997,-65.43193613390427,1.2012357481143085e-08,1.4795807868273275e-08,0.0187
5.4999999999999964,-65.35315198082792,1.2558986548688968e-08,1.578091542453247e-08,0.0187
5.599999999999996,-65.27451501208034,1.3129240771735848e-08,1.6812173183367305e-08,0.0187
5.699999999999996,-65.19602495251857,1.372408869146768e-08,1.789092084852024e-08,0.0187
5.799999999999995,-65.11768152750605,1.4344535715123374e-08,1.901852110819253e-08,0.0187
5.899999999999995,-65.03948446291143,1.4991625446655504e-08,2.0196360295082843e-08,0.0187
5.999999999999995,-64.96143348510724,1.566644105744012e-08,2.142584906018451e-08,0.0187
6.099999999999994,-64.88352832096851,1.637010669845706e-08,2.2708423060002484e-08,0.0187
6.199999999999994,-64.80576869787154,1.710378895535802e-08,2.4045543656890974e-08,0.0187
6.299999999999994,-64.7281543436925,1.7868698347840806e-08,2.5438698632249585e-08,0.0187
6.399999999999993,-64.65068498680604,1.866609087475481e-08,2.6889402912350685e-08,0.0187
6.499999999999993,-64.573360356084,1.9497269606370024e-08,2.839919930660313e-08,0.0187
6.5999999999999925,-64.49618018089396,2.0363586325254153e-08,2.996965925808774e-08,0.0187
6.699999999999992,-64.4191441910979,2.126644321721491e-08,3.160238360622867e-08,0.0187
6.799999999999992,-64.34225211705075,2.2207294613781457e-08,3.329900336149087e-08,0.0187
6.8999999999999915,-64.26550368959897,2.3187648787715967e-08,3.506118049201919e-08,0.0187
6.999999999999991,-64.18889864007915,2.4209069803065814e-08,3.689060872215732e-08,0.0187
7.099999999999991,-64.11243670031647,2.5273179421287988e-08,3.878901434280698e-08,0.0187
7.19999999999999,-64.03611760262334,2.6381659064999546e-08,4.07581570336073e-08,0.0187
7.29999999999999,-63.959941079797815,2.7536251840931256e-08,4.279983069693411e-08,0.0187
7.39999999999999,-63.88390686512213,2.873876462368725e-08,4.491586430373541e-08,0.0187
7.499999999999989,-63.80801469236114,2.99910702019379e-08,4.710812275123683e-08,0.0187
7.599999999999989,-63.73226429576086,3.129510948870055e-08,4.9378507732565246e-08,0.0187
7.699999999999989,-63.656655410046795,3.2652893797389554e-08,5.1728958618353605e-08,0.0187
7.799999999999988,-63.58118777042243,3.40665071853469e-08,5.416145335040317e-08,0.0187
7.899999999999988,-63.50586111256759,3.5538108866591175e-08,5.6678009347491726e-08,0.0187
7.999999999999988,-63.430675172636796,3.7069935695554144e-08,5.928068442342789e-08,0.0187
8.099999999999987,-63.3556296872577,3.866430472360341e-08,6.197157771746251e-08,0.0187
8.199999999999987,-63.28072439352931,4.032361583017948e-08,6.475283063717778e-08,0.0187
8.299999999999986,-63.20595902902038,4.2050354430409287e-08,6.762662781398476e-08,0.0187
8.399999999999986,-63.13133333176761,4.3847094261086013e-08,7.059519807136758e-08,0.0187
8.499999999999986,-63.05684704027398,4.571650024694026e-08,7.366081540602165e-08,0.0187
8.599999999999985,-62.982499893506926,4.766133144915702e-08,7.682579998204009e-08,0.0187
8.699999999999985,-62.90829163089659,4.968444409812798e-08,8.009251913830913e-08,0.0187
8.799999999999985,-62.834221992333944,5.178879471245934e-08,8.346338840928129e-08,0.0187
8.899999999999984,-62.760290718168974,5.397744330628977e-08,8.69408725592985e-08,0.0187
8.999999999999984,-62.686497549208774,5.62535566870057e-08,9.052748663064531e-08,0.0187
9.099999999999984,-62.61284222671566,5.862041184547449e-08,9.422579700551639e-08,0.0187
9.199999999999983,-62.5393244924052,6.108139944094988e-08,9.803842248208608e-08,0.0187
9.299999999999983,-62.465944088444274,6.364002738283757e-08,1.0196803536487503e-07,0.0187
9.399999999999983,-62.39270075744905,6.629992451154302e-08,1.0601736256960906e-07,0.0187
9.499999999999982,-62.3195942424829,6.906484438065626e-08,1.101891867427735e-07,0.0187
9.599999999999982,-62.2466242870544,7.193866914276474e-08,1.1448634739606498e-07,0.0187
9.699999999999982,-62.173790635115175,7.492541354121479e-08,1.1891174205594988e-07,0.0187
9.799999999999981,-62.10109303105776,7.802922901018138e-08,1.234683274285393e-07,0.0187
9.89999999999998,-62.028531219713386,8.125440788543578e-08,1.281591205799928e-07,0.0187
9.99999999999998,-61.95610494634981,8.460538772823665e-08,1.3298720013266713e-07,0.0187
10.09999999999998,-61.88381395666901,8.808675576480162e-08,1.3795570747722666e-07,0.0187
10.19999999999998,-61.81165799680489,9.170325344385162e-08,1.4306784800093623e-07,0.0187
10.29999999999998,-61.73963681332093,9.545978111475405e-08,1.4832689233235602e-07,0.0187
10.399999999999979,-61.66775015320779,9.936140282882202e-08,1.5373617760266238e-07,0.0187
10.499999999999979,-61.5959977638809,1.0341335126636098e-07,1.592991087238197e-07,0.0187
10.599999999999978,-61.524379393177924,1.076210327920865e-07,1.6501915968382703e-07,0.0187
10.699999999999978,-61.452894789356286,1.1199003264157089e-07,1.7089987485926876e-07,0.0187
10.799999999999978,-61.381543701090564,1.165261202414051e-07,1.769448703453951e-07,0.0187
10.899999999999977,-61.31032587746988,1.2123525466579684e-07,1.8315783530396218e-07,0.0187
10.999999999999977,-61.239241067995195,1.2612359023235789e-07,1.8954253332906258e-07,0.0187
11.099999999999977,-61.168289022576616,1.3119748223986195e-07,1.961028038311738e-07,0.0187
11.199999999999976,-61.09746949153057,1.3646349285078645e-07,2.0284256343965914e-07,0.0187
11.299999999999976,-61.02678222557701,1.4192839712148264e-07,2.0976580742394832e-07,0.0187
11.399999999999975,-60.95622697583649,1.4759918918284595e-07,2.1687661113363446e-07,0.0187
11.499999999999975,-60.88580349382724,1.5348308857439049e-07,2.2417913145771533e-07,0.0187
11.599999999999975,-60.81551153146212,1.5958754673465847e-07,2.3167760830321365e-07,0.0187
11.699999999999974,-60.745350841045564,1.6592025365092114e-07,2.393763660934083e-07,0.0187
11.799999999999974,-60.675321175270454,1.7248914467116384e-07,2.472798152859096e-07,0.0187
11.899999999999974,-60.605422287214935,1.7930240748136027e-07,2.5539245391081063e-07,0.0187
11.999999999999973,-60.535653930339116,1.863684892510826e-07,2.637188691291478e-07,0.0187
12.099999999999973,-60.46601585848177,1.93696103950509e-07,2.722637388119035e-07,0.0187
12.199999999999973,-60.396507825856915,2.0129423984192012e-07,2.8103183313978246e-07,0.0187
12.299999999999972,-60.32712958705038,2.0917216714879578e-07,2.900280162239948e-07,0.0187
12.399999999999972,-60.25788089701621,2.173394459056509e-07,2.992572477482783e-07,0.0187
12.499999999999972,-60.1887615110731,2.2580593399177126e-07,3.0872458463238975e-07,0.0187
12.599999999999971,-60.11977118490071,2.3458179535202446e-07,3.1843518271729903e-07,0.0187
12.69999999999997,-60.050909674535895,2.436775084079528e-07,3.2839429847231565e-07,0.0187
12.79999999999997,-59.982176736368814,2.53103874662365e-07,3.386072907243785e-07,0.0187
12.89999999999997,-59.91357212713907,2.628720275006735e-07,3.490796224097395e-07,0.0187
12.99999999999997,-59.84509560393167,2.7299344119222576e-07,3.598168623482698e-07,0.0187
13.09999999999997,-59.77674692417294,2.8347994009490924e-07,3.708246870406208e-07,0.0187
13.199999999999969,-59.70852584562638,2.9434370806631943e-07,3.8210888248846235e-07,0.0187
13.299999999999969,-59.64043212638836,3.0559729808479353e-07,3.936753460380339e-07,0.0187
13.399999999999968,-59.57246552488378,3.172536420836317e-07,4.055300882472309e-07,0.0187
13.499999999999968,-59.50462579986164,3.293260610018328e-07,4.1767923477645387e-07,0.0187
13.599999999999968,-59.43691271039048,3.4182827505468956e-07,4.30129028303448e-07,0.0187
13.699999999999967,-59.36932601585377,3.5477441422759253e-07,4.428858304623586e-07,0.0187
13.799999999999967,-59.30186547594515,3.681790289964043e-07,4.559561238072252e-07,0.0187
13.899999999999967,-59.234530850663624,3.820571012777778e-07,4.693465138001398e-07,0.0187
13.999999999999966,-59.16732190030863,3.964240556127833e-07,4.830637308242939e-07,0.0187
14.099999999999966,-59.10023838547498,4.1129577058723327e-07,4.971146322221332e-07,0.0187
14.199999999999966,-59.03328006704774,4.266885904920891e-07,5.115062043588465e-07,0.0187
14.299999999999965,-58.96644670619695,4.4261933722733084e-07,5.262455647114046e-07,0.0187
14.399999999999965,-58.8997380643723,4.5910532245268343e-07,5.413399639833752e-07,0.0187
14.499999999999964,-58.83315390329762,4.7616435998858166e-07,5.56796788245726e-07,0.0187
14.599999999999964,-58.76669398496533,4.938147784707719e-07,5.726235611038431e-07,0.0187
14.699999999999964,-58.7003580716307,5.120754342619157e-07,5.888279458909749e-07,0.0187
14.799999999999963,-58.63414592580605,5.309657246235945e-07,6.054177478883209e-07,0.0187
14.899999999999963,-58.56805731025476,5.505056011520777e-07,6.224009165719843e-07,0.0187
14.999999999999963,-58.50209198798525,5.707155834812296e-07,6.397855478869985e-07,0.0187
15.099999999999962,-58.43624972224478,5.91616773255897e-07,6.575798865486462e-07,0.0187
15.199999999999962,-58.37053027651307,6.132308683791479e-07,6.757923283712795e-07,0.0187
15.299999999999962,-58.3049334144959,6.355801775366869e-07,6.944314226248605e-07,0.0187
15.399999999999961,-58.23945890011848,6.586876350017763e-07,7.135058744194264e-07,0.0187
15.499999999999961,-58.17410649751875,6.825768157239671e-07,7.330245471176944e-07,0.0187
15.59999999999996,-58.10887597104048,7.072719507049454e-07,7.529964647760168e-07,0.0187
15.69999999999996,-58.04376708522631,7.327979426647692e-07,7.734308146138908e-07,0.0187
15.79999999999996,-57.97877960481056,7.59180382001752e-07,7.943369495122357e-07,0.0187
15.89999999999996,-57.913913294711946,7.864455630492318e-07,8.157243905406435e-07,0.0187
15.99999999999996,-57.849167920026126,8.146205006324639e-07,8.376028295138063e-07,0.0187
16.09999999999996,-57.78454324601812,8.437329469288104e-07,8.599821315773326e-07,0.0187
16.19999999999996,-57.72003903811452,8.738114086344151e-07,8.828723378231479e-07,0.0187
16.29999999999996,-57.65565506189563,9.048851644405084e-07,9.062836679346947e-07,0.0187
16.399999999999963,-57.59139108308737,9.369842828224642e-07,9.302265228621249e-07,0.0187
16.499999999999964,-57.527246867553075,9.701396401446945e-07,9.547114875276926e-07,0.0187
16.599999999999966,-57.463222181285026,1.0043829390844677e-06,9.79749333561549e-07,0.0187
16.699999999999967,-57.39931679039598,1.0397467273776767e-06,1.0053510220681365e-06,0.0187
16.79999999999997,-57.335530461110366,1.076264416889542e-06,1.031527706423388e-06,0.0187
16.89999999999997,-57.27186295975544,1.1139703030132612e-06,1.0582907351029254e-06,0.0187
16.99999999999997,-57.20831405275214,1.1528995843994971e-06,1.0856516545414578e-06,0.0187
17.099999999999973,-57.14488350660588,1.1930883830196581e-06,1.1136222120235832e-06,0.0187
17.199999999999974,-57.08157108789709,1.2345737645657855e-06,1.1422143586061813e-06,0.0187
17.299999999999976,-57.018376563271566,1.277393759189936e-06,1.1714402520726066e-06,0.0187
17.399999999999977,-56.95529969943071,1.3215873825858092e-06,1.2013122599188661e-06,0.0187
17.49999999999998,-56.89234026312148,1.3671946574153888e-06,1.23184296237199e-06,0.0187
17.59999999999998,-56.829498021126234,1.4142566350833443e-06,1.2630451554407864e-06,0.0187
17.69999999999998,-56.76677274025229,1.4628154178618172e-06,1.294931853999169e-06,0.0187
17.799999999999983,-56.7041641873214,1.5129141813682917e-06,1.3275162949022688e-06,0.0187
17.899999999999984,-56.641672129158906,1.5645971973990884e-06,1.3608119401355122e-06,0.0187
17.999999999999986,-56.579296332582786,1.6179098571210845e-06,1.3948324799968643e-06,0.0187
18.099999999999987,-56.51703656439241,1.672898694624136e-06,1.4295918363124405e-06,0.0187
18.19999999999999,-56.45489259135718,1.729611410836726e-06,1.4651041656856646e-06,0.0187
18.29999999999999,-56.39286418020486,1.7880968978072065e-06,1.5013838627801932e-06,0.0187
18.39999999999999,-56.33095109760977,1.848405263353065e-06,1.5384455636367758e-06,0.0187
18.499999999999993,-56.269153110180696,1.9105878560805617e-06,1.5763041490242706e-06,0.0187
18.599999999999994,-56.207469984448636,1.974697290777026e-06,1.6149747478249955e-06,0.0187
18.699999999999996,-56.14590148685427,2.040787474178077e-06,1.6544727404546189e-06,0.0187
18.799999999999997,-56.08444738373525,2.1089136311120098e-06,1.6948137623167897e-06,0.0187
18.9,-56.02310744131321,2.179132331023501e-06,1.7360137072927001e-06,0.0187
19.0,-55.96188142568058,2.2515015148787884e-06,1.7780887312657846e-06,0.0187
19.1,-55.90076910278715,2.3260805224544327e-06,1.8210552556817576e-06,0.0187
19.200000000000003,-55.83977023842641,2.4029301200116995e-06,1.8649299711441793e-06,0.0187
19.300000000000004,-55.778884598221595,2.4821125283586105e-06,1.909729841045765e-06,0.0187
19.400000000000006,-55.71811194761152,2.5636914513016332e-06,1.9554721052356514e-06,0.0187
19.500000000000007,-55.657452051836216,2.6477321044890028e-06,2.0021742837227856e-06,0.0187
19.60000000000001,-55.59690467592223,2.7343012446474988e-06,2.0498541804157037e-06,0.0187
19.70000000000001,-55.536469584667714,2.8234671992146524e-06,2.0985298868988537e-06,0.0187
19.80000000000001,-55.476146542627205,2.915299896368221e-06,2.1482197862457078e-06,0.0187
19.900000000000013,-55.41593531409626,3.009870895454742e-06,2.198942556868863e-06,0.0187
20.000000000000014,-55.35583566309566,3.107253417818927e-06,2.2507171764073605e-06,0.0187
20.100000000000016,-55.29584735335554,3.2075223780357764e-06,2.303562925651426e-06,0.0187
20.200000000000017,-55.23597014829906,3.3107544155470076e-06,2.357499392504862e-06,0.0187
20.30000000000002,-55.17620381102593,3.4170279267036908e-06,2.4125464759853156e-06,0.0187
20.40000000000002,-55.11654810429562,3.5264230972167024e-06,2.4687243902626606e-06,0.0187
20.50000000000002,-55.05700279051028,3.6390219350167288e-06,2.5260536687357022e-06,0.0187
20.600000000000023,-54.9975676316974,3.75490830352549e-06,2.58455516814746e-06,0.0187
20.700000000000024,-54.93824238949213,3.87416795533992e-06,2.6442500727392675e-06,0.0187
20.800000000000026,-54.87902682511941,3.996888566330928e-06,2.7051598984439215e-06,0.0187
20.900000000000027,-54.8199206993757,4.123159770158407e-06,2.7673064971181424e-06,0.0187
21.00000000000003,-54.7609237726105,4.253073193204227e-06,2.8307120608145894e-06,0.0187
21.10000000000003,-54.702035804707506,4.3867224899248656e-06,2.895399126093693e-06,0.0187
21.20000000000003,-54.64325655506555,4.524203378625356e-06,2.961390578375578e-06,0.0187
21.300000000000033,-54.58458578257911,4.665613677656316e-06,3.028709656332327e-06,0.0187
21.400000000000034,-54.52602324561867,4.811053342035772e-06,3.097379956320874e-06,0.0187
21.500000000000036,-54.4675687020106,4.9606245004975115e-06,3.167425436856828e-06,0.0187
21.600000000000037,-54.40922190901689,5.11443149296784e-06,3.238870423129465e-06,0.0187
21.70000000000004,-54.35098262331444,5.272580908472494e-06,3.3117396115582474e-06,0.0187
21.80000000000004,-54.29285060097406,5.435181623475638e-06,3.3860580743911266e-06,0.0187
21.90000000000004,-54.234825597439254,5.602344840652844e-06,3.461851264344969e-06,0.0187
22.000000000000043,-54.176907367504484,5.7741841281000275e-06,3.5391450192884177e-06,0.0187
22.100000000000044,-54.11909566529327,5.950815458980445e-06,3.617965566967508e-06,0.0187
22.200000000000045,-54.06139024423591,6.132357251611792e-06,3.6983395297744007e-06,0.0187
22.300000000000047,-54.00379085704682,6.3189304099956155e-06,3.7802939295595503e-06,0.0187
22.40000000000005,-53.94629725570162,6.510658364791284e-06,3.863856192487707e-06,0.0187
22.50000000000005,-53.88890919141379,6.707667114736942e-06,3.949054153938069e-06,0.0187
22.60000000000005,-53.83162641461103,6.910085268519858e-06,4.035916063449016e-06,0.0187
22.700000000000053,-53.7744486749113,7.118044087098772e-06,4.124470589707786e-06,0.0187
22.800000000000054,-53.717375721098435,7.33167752648081e-06,4.2147468255855035e-06,0.0187
22.900000000000055,-53.66040730109749,7.551122280955936e-06,4.306774293217992e-06,0.0187
23.000000000000057,-53.60354316194967,7.776517826791747e-06,4.400582949132774e-06,0.0187
23.10000000000006,-53.546783049786924,8.00800646639173e-06,4.496203189422732e-06,0.0187
23.20000000000006,-53.49012670980615,8.245733372920258e-06,4.59366585496686e-06,0.0187
23.30000000000006,-53.43357388624308,8.489846635397642e-06,4.6930022366986004e-06,0.0187
23.400000000000063,-53.37712432234578,8.740497304268885e-06,4.79424408092225e-06,0.0187
23.500000000000064,-53.32077776034774,8.997839437449715e-06,4.8974235946779285e-06,0.0187
23.600000000000065,-53.26453394144063,9.262030146854098e-06,5.002573451155661e-06,0.0187
23.700000000000067,-53.2083926057467,9.533229645407162e-06,5.109726795159066e-06,0.0187
23.800000000000068,-53.152353492290715,9.811601294547861e-06,5.218917248619267e-06,0.0187
23.90000000000007,-53.09641633897155,1.0097311652226233e-05,5.330178916159555e-06,0.0187
24.00000000000007,-53.04058088253345,1.0390530521399845e-05,5.443546390711437e-06,0.0187
24.100000000000072,-52.984846858536805,1.0691430999034483e-05,5.559054759182654e-06,0.0187
24.200000000000074,-52.929214001328596,1.1000189525614483e-05,5.67673960817785e-06,0.0187
24.300000000000075,-52.87368204401239,1.1316985935168522e-05,5.796637029772495e-06,0.0187
24.400000000000077,-52.818250718417985,1.164200350581643e-05,5.918783627340838e-06,0.0187
24.500000000000078,-52.76291975507061,1.1975429010843479e-05,6.0432165214384955e-06,0.0187
24.60000000000008,-52.70768888315974,1.2317452770308565e-05,6.1699733557404815e-06,0.0187
24.70000000000008,-52.65255783050746,1.266826870319328e-05,6.299092303035423e-06,0.0187
24.800000000000082,-52.5975263235365,1.3028074380098964e-05,6.430612071276745e-06,0.0187
24.900000000000084,-52.5425940872377,1.3397071076499245e-05,6.564571909691628e-06,0.0187
25.000000000000085,-52.48776084513722,1.3775463826556535e-05,6.701011614948605e-06,0.0187
25.100000000000087,-52.43302631926316,1.4163461477510026e-05,6.839971537384652e-06,0.0187
25.200000000000088,-52.37839023011193,1.4561276744644753e-05,6.981492587292709e-06,0.0187
25.30000000000009,-52.323852296613964,1.4969126266850259e-05,7.12561624127051e-06,0.0187
25.40000000000009,-52.26941223609919,1.5387230662779198e-05,7.272384548631785e-06,0.0187
25.500000000000092,-52.215069764261955,1.5815814587615375e-05,7.421840137880722e-06,0.0187
25.600000000000094,-52.16082459512549,1.6255106790462103e-05,7.57402622325084e-06,0.0187
25.700000000000095,-52.106676441006,1.6705340172362216e-05,7.728986611309277e-06,0.0187
25.800000000000097,-52.0526250124762,1.7166751844960714e-05,7.88676570762766e-06,0.0187
25.900000000000098,-51.99867001832847,1.7639583189823112e-05,8.047408523520645e-06,0.0187
26.0000000000001,-51.94481116553749,1.812407991842129e-05,8.210960682853412e-06,0.0187
26.1000000000001,-51.89104815922241,1.8620492132800835e-05,8.377468428919276e-06,0.0187
26.200000000000102,-51.83738070260859,1.9129074386943693e-05,8.546978631388741e-06,0.0187
26.300000000000104,-51.7838084969888,1.965008574884022e-05,8.719538793331293e-06,0.0187
26.400000000000105,-51.73033124168392,2.018378986328643e-05,8.895197058311333e-06,0.0187
26.500000000000107,-51.67694863400325,2.0730455015422042e-05,9.074002217559666e-06,0.0187
26.600000000000108,-51.6236603692042,2.1290354195025727e-05,9.256003717221983e-06,0.0187
26.70000000000011,-51.570466140451536,2.1863765161585226e-05,9.441251665685915e-06,0.0187
26.80000000000011,-51.51736563877613,2.245097051016e-05,9.629796840988184e-06,0.0187
26.900000000000112,-51.46435855303315,2.3052257738055377e-05,9.82169069830351e-06,0.0187
27.000000000000114,-51.411444569859796,2.366791931232786e-05,1.0016985377516948e-05,0.0187
27.100000000000115,-51.35862337363238,2.429825273814165e-05,1.0215733710881396e-05,0.0187
27.200000000000117,-51.30589464642306,2.494356062799851e-05,1.041798923076208e-05,0.0187
27.300000000000118,-51.25325806795585,2.560415077186162e-05,1.0623806177469924e-05,0.0187
27.40000000000012,-51.200713315562176,2.6280336208198254e-05,1.083323950718562e-05,0.0187
27.50000000000012,-51.1482600641359,2.6972435295963783e-05,1.1046344899976559e-05,0.0187
27.600000000000122,-51.09589798608771,2.768077178755274e-05,1.1263178767908536e-05,0.0187
27.700000000000124,-51.04362675129897,2.8405674902742477e-05,1.1483798263254445e-05,0.0187
27.800000000000125,-50.99144602707503,2.9147479403656964e-05,1.1708261286802155e-05,0.0187
27.900000000000126,-50.939355478097866,2.990652567077814e-05,1.193662649626384e-05,0.0187
28.000000000000128,-50.88735476637823,3.0683159780034e-05,1.2168953314789135e-05,0.0187
28.10000000000013,-50.835443551207106,3.147773358099416e-05,1.2405301939584494e-05,0.0187
28.20000000000013,-50.78362148910662,3.229060477620389e-05,1.2645733350641439e-05,0.0187
28.300000000000132,-50.731888233780275,3.312213700168916e-05,1.2890309319576007e-05,0.0187
28.400000000000134,-50.6802434360626,3.397269990866734e-05,1.3139092418582443e-05,0.0187
28.500000000000135,-50.62868674386815,3.484266924649721e-05,1.3392146029503617e-05,0.0187
28.600000000000136,-50.57721780213984,3.5732426946906326e-05,1.3649534353021198e-05,0.0187
28.700000000000138,-50.52583625279664,3.6642361209532614e-05,1.3911322417968501e-05,0.0187
28.80000000000014,-50.47454173468054,3.757286658881956e-05,1.4177576090769113e-05,0.0187
28.90000000000014,-50.42333388350296,3.852434408230611e-05,1.4448362085004401e-05,0.0187
29.000000000000142,-50.37221233179034,3.9497201220352485e-05,1.472374797111319e-05,0.0187
29.100000000000144,-50.32117670882906,4.049185215734645e-05,1.5003802186227052e-05,0.0187
29.200000000000145,-50.27022664060968,4.150871776443524e-05,1.5288594044144597e-05,0.0187
29.300000000000146,-50.21936174977043,4.2548225723829466e-05,1.5578193745448456e-05,0.0187
29.400000000000148,-50.168581655539924,4.361081062472803e-05,1.5872672387768574e-05,0.0187
29.50000000000015,-50.11788597367918,4.4696914060914477e-05,1.61721019761958e-05,0.0187
29.60000000000015,-50.06727431642278,4.5806984730076244e-05,1.6476555433849538e-05,0.0187
29.700000000000152,-50.01674629241937,4.694147853490175e-05,1.6786106612603777e-05,0.0187
29.800000000000153,-49.966301506671215,4.81008586860101e-05,1.7100830303975523e-05,0.0187
29.900000000000155,-49.915939560473056,4.9285595806771995e-05,1.7420802250180136e-05,0.0187
30.000000000000156,-49.86566005135006,5.049616804008153e-05,1.774609915535801e-05,0.0187
30.100000000000158,-49.81546257299499,5.173306115714073e-05,1.8076798696977216e-05,0.0187
30.20000000000016,-49.76534671520441,5.299676866832035e-05,1.8412979537417022e-05,0.0187
30.30000000000016,-49.71531206381411,5.428779193616459e-05,1.8754721335737063e-05,0.0187
30.400000000000162,-49.66535820063358,5.560664029060694e-05,1.910210475963742e-05,0.0187
30.500000000000163,-49.61548470337953,5.695383114646882e-05,1.9455211497614767e-05,0.0187
30.600000000000165,-49.565691145608554,5.832989012331429e-05,1.9814124271320204e-05,0.0187
30.700000000000166,-49.51597709664873,5.973535116773696e-05,2.0178926848124084e-05,0.0187
30.800000000000168,-49.466342121530346,6.11707566781573e-05,2.0549704053893933e-05,0.0187
30.90000000000017,-49.41678578091552,6.263665763221141e-05,2.0926541785991263e-05,0.0187
31.00000000000017,-49.36730763102686,6.413361371681557e-05,2.130952702649349e-05,0.0187
31.100000000000172,-49.31790722357506,6.566219346099371e-05,2.1698747855647247e-05,0.0187
31.200000000000173,-49.268584105685406,6.722297437155682e-05,2.2094293465559906e-05,0.0187
31.300000000000175,-49.21933781982317,6.881654307172768e-05,2.2496254174135616e-05,0.0187
31.400000000000176,-49.170167903717925,7.044349544280727e-05,2.2904721439263374e-05,0.0187
31.500000000000178,-49.121073890286695,7.210443676898085e-05,2.3319787873263922e-05,0.0187
31.60000000000018,-49.072055307555885,7.379998188536753e-05,2.3741547257603046e-05,0.0187
31.70000000000018,-49.02311167858204,7.553075532941971e-05,2.417009455787911e-05,0.0187
31.800000000000182,-48.97424252137138,7.729739149578039e-05,2.460552593909234e-05,0.0187
31.900000000000183,-48.925447348798,7.910053479471399e-05,2.5047938781204452e-05,0.0187
32.000000000000185,-48.876725668520876,8.094083981422665e-05,2.5497431694996753e-05,0.0187
32.100000000000186,-48.82807698289942,8.281897148599724e-05,2.595410453823558e-05,0.0187
32.20000000000019,-48.779500788907775,8.473560525524595e-05,2.6418058432153732e-05,0.0187
32.30000000000019,-48.73099657804764,8.66914272546674e-05,2.6889395778257602e-05,0.0187
32.40000000000019,-48.68256383625967,8.868713448256606e-05,2.736822027546918e-05,0.0187
32.50000000000019,-48.63420204383344,9.072343498532997e-05,2.785463693761278e-05,0.0187
32.60000000000019,-48.58591067531586,9.280104804438594e-05,2.834875211125695e-05,0.0187
32.700000000000195,-48.537689199418026,9.492070436778753e-05,2.8850673493921602e-05,0.0187
32.800000000000196,-48.48953707892052,9.708314628658596e-05,2.9360510152661526e-05,0.0187
32.9000000000002,-48.441453770577056,9.928912795614457e-05,2.987837254303715e-05,0.0187
33.0000000000002,-48.39343872501642,0.00010153941556256002,3.040437252848428e-05,0.0187
33.1000000000002,-48.345491386642735,0.00010383478753436107,3.093862340009463e-05,0.0187
33.2000000000002,-48.29761119353387,0.00010617603475965965,3.1481239896819084e-05,0.0187
33.3000000000002,-48.24979757733814,0.0001085639608089371,3.203233822610692e-05,0.0187
33.400000000000205,-48.20204996316906,0.00011099938216365139,3.25920360849934e-05,0.0187
33.500000000000206,-48.154367769498144,0.00011348312845086377,3.3160452681649545e-05,0.0187
33.60000000000021,-48.106750408045826,0.00011601604268408302,3.373770875740805e-05,0.0187
33.70000000000021,-48.05919728367028,0.00011859898151053618,3.4323926609279204e-05,0.0187
33.80000000000021,-48.011707794254136,0.00012123281546508349,3.491923011297231e-05,0.0187
33.90000000000021,-47.9642813305891,0.00012391842923100048,3.552374474643708e-05,0.0187
34.00000000000021,-47.91691727625831,0.0001266567219078555,3.613759761394146e-05,0.0187
34.100000000000215,-47.869615007516444,0.00012944860728672847,3.676091747070174e-05,0.0187
34.200000000000216,-47.82237389316748,0.00013229501413301176,3.739383474808189e-05,0.0187
34.30000000000022,-47.77519329444006,0.00013519688647705615,3.8036481579379334e-05,0.0187
34.40000000000022,-47.72807256486032,0.00013815518391292378,3.8688991826215456e-05,0.0187
34.50000000000022,-47.68101105012225,0.00014117088190552878,3.935150110554871e-05,0.0187
34.60000000000022,-47.63400808795535,0.00014424497210644493,4.002414681733008e-05,0.0187
34.70000000000022,-47.58706300798962,0.00014737846267868338,4.070706817282005e-05,0.0187
34.800000000000225,-47.54017513161775,0.0001505723786307418,4.140040622358795e-05,0.0187
34.900000000000226,-47.49334377185444,0.000153827762160247,4.210430389121437e-05,0.0187
35.00000000000023,-47.446568233192764,0.00015714567300751994,4.281890599771862e-05,0.0187
35.10000000000023,-47.39984781145749,0.0001605271888194036,4.354435929673348e-05,0.0187
35.20000000000023,-47.35318179365524,0.0001639734055237118,4.428081250545063e-05,0.0187
35.30000000000023,-47.30656945782145,0.00016748543771466512,4.5028416337360844e-05,0.0187
35.40000000000023,-47.260010072864,0.00017106441904969497,4.578732353581346e-05,0.0187
35.500000000000234,-47.21350289840331,0.0001747115026580149,4.6557688908420986e-05,0.0187
35.600000000000236,-47.16704718460905,0.0001784278615613682,4.7339669362335194e-05,0.0187
35.70000000000024,-47.12064217203307,0.00018221468910738188,4.8133423940422414e-05,0.0187
35.80000000000024,-47.074287091438634,0.00018607319941596416,4.893911385836576e-05,0.0187
35.90000000000024,-47.02798116362571,0.00019000462783921241,4.9756902542724364e-05,0.0187
36.00000000000024,-46.981723599252334,0.00019401023143530857,5.058695566997933e-05,0.0187
36.10000000000024,-46.935513598651774,0.00019809128945689415,5.142944120659781e-05,0.0187
36.200000000000244,-46.88935035164545,0.00020224910385444498,5.228452945014811e-05,0.0187
36.300000000000246,-46.84323303735146,0.00020648499979518327,5.3152393071498814e-05,0.0187
36.40000000000025,-46.797160823988584,0.00021080032619807954,5.4033207158137e-05,0.0187
36.50000000000025,-46.751132868675555,0.00021519645628552896,5.4927149258641394e-05,0.0187
36.60000000000025,-46.705148317225536,0.00021967478815230077,5.583439942834752e-05,0.0187
36.70000000000025,-46.65920630393559,0.00022423674535239032,5.6755140276243855e-05,0.0187
36.80000000000025,-46.613305951371025,0.00022888377750442611,5.768955701313819e-05,0.0187
36.900000000000254,-46.567446370144346,0.0002336173609163042,5.863783750113614e-05,0.0187
37.000000000000256,-46.52162665868878,0.00023843899922976663,5.960017230447409e-05,0.0187
37.10000000000026,-46.4758459030261,0.00024335022408565022,6.0576754741751434e-05,0.0187
37.20000000000026,-46.43010317652856,0.0002483525958105734,6.156778093960735e-05,0.0187
37.30000000000026,-46.38439753967485,0.00025344770412585985,6.257344988789045e-05,0.0187
37.40000000000026,-46.33872803979966,0.0002586371688795246,6.359396349637018e-05,0.0187
37.50000000000026,-46.29309371083693,0.0002639226408021952,6.462952665304113e-05,0.0187
37.600000000000264,-46.24749357305626,0.0002693058022878598,6.568034728407337e-05,0.0187
37.700000000000266,-46.20192663279255,0.00027478836820038824,6.674663641546399e-05,0.0187
37.80000000000027,-46.15639188216838,0.0002803720867068043,6.782860823644644e-05,0.0187
37.90000000000027,-46.110888298809066,0.00028605874013832823,6.892648016471726e-05,0.0187
38.00000000000027,-46.06541484555008,0.0002918501458802573,7.004047291354123e-05,0.0187
38.10000000000027,-46.0199704701365,0.0002977481572917938,7.117081056079912e-05,0.0187
38.20000000000027,-45.974554104914375,0.0003037546646569867,7.231772062004342e-05,0.0187
38.300000000000274,-45.92916466651357,0.00030987159616798594,7.34814341136317e-05,0.0187
38.400000000000276,-45.88380105552187,0.00031610091894188703,7.466218564800781e-05,0.0187
38.50000000000028,-45.838462156150044,0.00032244464007247833,7.586021349120596e-05,0.0187
38.60000000000028,-45.79314683588753,0.00032890480771827294,7.70757596526536e-05,0.0187
38.70000000000028,-45.74785394514841,0.00033548351222826385,7.830906996535408e-05,0.0187
38.80000000000028,-45.702582316907296,0.00034218288730691535,7.95603941705311e-05,0.0187
38.90000000000028,-45.65733076632493,0.00034900511121995956,8.082998600482212e-05,0.0187
39.000000000000284,-45.61209809036285,0.00035595240804264414,8.211810329010976e-05,0.0187
39.100000000000286,-45.56688306738701,0.0003630270489521634,8.342500802608518e-05,0.0187
39.20000000000029,-45.52168445675977,0.00037023135356606076,8.475096648563985e-05,0.0187
39.30000000000029,-45.47650099841992,0.00037756769132850593,8.609624931318736e-05,0.0187
39.40000000000029,-45.431331412450305,0.00038503848294640675,8.746113162601962e-05,0.0187
39.50000000000029,-45.386174398632484,0.0003926462018774291,8.884589311880765e-05,0.0187
39.60000000000029,-45.34102863598815,0.0004003933758720983,9.025081817135997e-05,0.0187
39.700000000000294,-45.29589278230662,0.00040828258857223933,9.167619595975777e-05,0.0187
39.800000000000296,-45.250765473658,0.0004163164811681425,9.312232057099018e-05,0.0187
39.9000000000003,-45.20564532389141,0.00042449775411694415,9.45894911212181e-05,0.0187
40.0000000000003,-45.160530924117815,0.0004328291689248431,9.60780118778009e-05,0.0187
40.1000000000003,-45.11542084217675,0.0004413135499958874,9.758819238522559e-05,0.0187
40.2000000000003,-45.070313622086424,0.0004499537865502158,9.912034759508391e-05,0.0187
40.3000000000003,-45.0252077834765,0.00045875283461477485,0.00010067479800025013,0.0187
40.400000000000304,-44.98010182100299,0.00046771371908967845,0.0001022518697734165,0.0187
40.500000000000306,-44.93499420374438,0.0004768395358935456,0.00010385189491015338,0.0187
40.60000000000031,-44.889883374578545,0.00048613345419131615,0.0001054752113766652,0.0187
40.70000000000031,-44.84476774953938,0.000495598718708215,0.00010712216326242307,0.0187
40.80000000000031,-44.799645717152586,0.0005052386521337393,0.00010879310093786218,0.0187
40.90000000000031,-44.754515637749705,0.0005150566576197327,0.00011048838121733968,0.0187
41.00000000000031,-44.70937584275954,0.0005250562213768191,0.00011220836752755947,0.0187
41.100000000000314,-44.66422463397601,0.0005352409153736949,0.00011395343008167683,0.0187
41.200000000000315,-44.61906028280161,0.0005456144001440269,0.0001157239460593085,0.0187
41.30000000000032,-44.57388102946538,0.0005561804277059297,0.00011752029979268166,0.0187
41.40000000000032,-44.52868508221435,0.0005669428445992822,0.00011934288295916745,0.0187
41.50000000000032,-44.48347061647749,0.0005779055950464305,0.00012119209478045493,0.0187
41.60000000000032,-44.438235774000844,0.0005890727242420844,0.00012306834222863507,0.0187
41.70000000000032,-44.39297866195285,0.0006004483817785907,0.000124972040239474,0.0187
41.800000000000324,-44.347697351998406,0.000612036825213051,0.00012690361193317166,0.0187
41.900000000000325,-44.30238987934055,0.0006238424237831539,0.00012886348884291247,0.0187
42.00000000000033,-44.257054241728255,0.000635869662278919,0.0001308521111515319,0.0187
42.10000000000033,-44.21168839842895,0.0006481231450780218,0.00013286992793663696,0.0187
42.20000000000033,-44.16629026916422,0.0006606076003527362,0.00013491739742453571,0.0187
42.30000000000033,-44.1208577330072,0.0006733278844570355,0.00013699498725334766,0.0187
42.40000000000033,-44.07538862723977,0.0006862889865028455,0.00013910317474568565,0.0187
42.500000000000334,-44.02988074616808,0.0006994960331349929,0.00014124244719131919,0.0187
42.600000000000335,-43.98433183989437,0.0007129542935149241,0.000143413302140249,0.0187
42.70000000000034,-43.93873961304316,0.0007266691845238579,0.00014561624770664447,0.0187
42.80000000000034,-43.89310172343991,0.0007406462761966877,0.00014785180288411938,0.0187
42.90000000000034,-43.847415780739816,0.0007548912973985887,0.00015012049787284325,0.0187
43.00000000000034,-43.80167934500463,0.0007694101417570253,0.0001524228744190138,0.0187
43.10000000000034,-43.75588992522506,0.0007842088738626,0.00015475948616724115,0.0187
43.200000000000344,-43.710044977786325,0.000799293735753023,0.0001571308990264238,0.0187
43.300000000000345,-43.66414190487404,0.0008146711536953211,0.00015953769154972706,0.0187
43.40000000000035,-43.618178052817946,0.0008303477452823774,0.00016198045532930623,0.0187
43.50000000000035,-43.57215071037024,0.0008463303268608582,0.00016445979540645128,0.0187
43.60000000000035,-43.52605710691567,0.0008626259213086731,0.00016697633069786614,0.0187
43.70000000000035,-43.47989441060999,0.00087924176618124,0.00016953069443883398,0.0187
43.80000000000035,-43.43365972644329,0.0008961853222470823,0.0001721235346440606,0.0187
43.900000000000354,-43.387350094224786,0.0009134642824345692,0.0001747555145870322,0.0187
44.000000000000355,-43.34096248648494,0.0009310865812130243,0.0001774273132987691,0.0187
44.10000000000036,-43.294493806291015,0.0009490604044329664,0.00018013962608690606,0.0187
44.20000000000036,-43.24794088497174,0.000967394199651862,0.0001828931650760834,0.0187
44.30000000000036,-43.201300479746514,0.0009860966869734808,0.0001856886597706866,0.0187
44.40000000000036,-43.15456927125431,0.0010051768704308658,0.00018852685764103336,0.0187
44.50000000000036,-43.107743860977216,0.0010246440499449571,0.00019140852473416834,0.0187
44.600000000000364,-43.060820768553185,0.0010445078338930244,0.00019433444631049456,0.0187
44.700000000000365,-43.01379642897227,0.0010647781523234704,0.00019730542750754192,0.0187
44.80000000000037,-42.96666718965023,0.0010854652708560406,0.00020032229403224783,0.0187
44.90000000000037,-42.91942930737312,0.0011065798053092489,0.0002033858928832103,0.0187
45.00000000000037,-42.872078945105955,0.0011281327370996957,0.00020649709310445764,0.0187
45.10000000000037,-42.824612168658156,0.0011501354294612,0.00020965678657237425,0.0187
45.20000000000037,-42.77702494319813,0.001172599644535044,0.0002128658888175219,0.0187
45.300000000000374,-42.72931312960867,0.0011955375613863517,0.00021612533988319994,0.0187
45.400000000000375,-42.681472480674444,0.0012189617950056108,0.00021943610522270695,0.0187
45.50000000000038,-42.63349863709229,0.0012428854163587467,0.00022279917663738392,0.0187
45.60000000000038,-42.585387123294346,0.0012673219735537503,0.00022621557325765311,0.0187
45.70000000000038,-42.5371333430735,0.0012922855141970847,0.00022968634256940738,0.0187
45.80000000000038,-42.48873257499977,0.0013177906090185106,0.00023321256148825363,0.0187
45.90000000000038,-42.44017996761572,0.0013438523768490767,0.00023679533748428066,0.0187
46.000000000000384,-42.39147053439793,0.001370486511043457,0.00024043580976018937,0.0187
46.100000000000385,-42.34259914847091,0.0013977093074449725,0.00024413515048581799,0.0187
46.20000000000039,-42.293560537058696,0.0014255376939993386,0.0002478945660922906,0.0187
46.30000000000039,-42.24434927565845,0.0014539892621315633,0.0002517152986292379,0.0187
46.40000000000039,-42.19495978191934,0.0014830823000096607,0.0002555986271887711,0.0187
46.50000000000039,-42.14538630920856,0.001512835827828741,0.00025954586940014326,0.0187
46.60000000000039,-42.0956229398454,0.001543269635260069,0.00026355838299930285,0.0187
46.700000000000394,-42.04566357798248,0.0015744043212215192,0.0002676375674778388,0.0187
46.800000000000395,-41.9955019421121,0.0016062613361389898,0.0002717848658161335,0.0187
46.9000000000004,-41.945131557173795,0.0016388630268825933,0.00027600176630588306,0.0187
47.0000000000004,-41.894545746237554,0.0016722326845770733,0.00028028980446751444,0.0187
47.1000000000004,-41.843737621734995,0.001706394595503104,0.0002846505650684313,0.0187
47.2000000000004,-41.79270007620898,0.0017413740953250195,0.0002890856842484576,0.0187
47.3000000000004,-41.74142577254967,0.0017771976269011513,0.00029359685175931675,0.0187
47.400000000000404,-41.68990713368251,0.0018138928019558113,0.0002981858133254979,0.0187
47.500000000000405,-41.63813633167112,0.0018514884669170201,0.0003028543731344212,0.0187
47.600000000000406,-41.58610527619473,0.0018900147732517547,0.0003076043964644138,0.0187
47.70000000000041,-41.53380560235706,0.001929503252661031,0.0003124378124596712,0.0187
47.80000000000041,-41.481228657779525,0.0019699868975307606,0.00031735661706209427,0.0187
47.90000000000041,-41.42836548892799,0.002011500247071712,0.0003223628761106783,0.0187
48.00000000000041,-41.375206826618175,0.002054079479623102,0.0003274587286199765,0.0187
48.10000000000041,-41.32174307063989,0.002097762511640098,0.0003326463902501026,0.0187
48.200000000000415,-41.26796427343528,0.0021425891039362527,0.00033792815698175163,0.0187
48.300000000000416,-41.213860122760835,0.002188600975808318,0.000343306409010832,0.0187
48.40000000000042,-41.15941992325631,0.0022358419277335117,0.0003487836148785328,0.0187
48.50000000000042,-41.10463257683744,0.002284357973399274,0.00035436233585398166,0.0187
48.60000000000042,-41.049486561821375,0.0023341974819033355,0.0003600452305881294,0.0187
48.70000000000042,-40.99396991068572,0.0023854113310489244,0.00036583506005910744,0.0187
48.80000000000042,-40.93807018635286,0.002438053072757262,0.000371734692831095,0.0187
48.900000000000425,-40.88177445688117,0.0024921791117282796,0.00037774711065068523,0.0187
49.000000000000426,-40.82506926843339,0.0025478488986026395,0.000383875414406907,0.0187
49.10000000000043,-40.76794061638015,0.002605125139015276,0.0003901228304834504,0.0187
49.20000000000043,-40.710373914382615,0.0026640740200848034,0.0003964927175342814,0.0187
49.30000000000043,-40.65235396128303,0.0027247654560569093,0.0004029885737167555,0.0187
49.40000000000043,-40.593864905614765,0.0027872733550156213,0.0004096140444195863,0.0187
49.50000000000043,-40.534890207524185,0.002851675908797868,0.0004163729305266169,0.0187
49.600000000000435,-40.475412597875575,0.002918055908497176,0.00042326919726134234,0.0187
49.700000000000436,-40.41541403428624,0.0029865010882265245,0.0004303069836615855,0.0187
49.80000000000044,-40.354875653812265,0.00305710450013287,0.0004374906127386871,0.0187
49.90000000000044,-40.293777721975154,0.0031299649240229344,0.00044482460238110764,0.0187
50.00000000000044,-40.23209957778606,0.0032051873153783467,0.00045231367706853696,0.0187
50.10000000000044,-40.16981957438594,0.003282883296015858,0.00045996278046953526,0.0187
50.20000000000044,-40.10691501487709,0.0033631716921951734,0.0004677770890035131,0.0187
50.300000000000445,-40.04336208287303,0.003446179125603941,0.00047576202645659165,0.0187
50.400000000000446,-39.97913576723861,0.0035320406633695556,0.0004839232797507232,0.0187
50.50000000000045,-39.91420978042964,0.0036209005340767904,0.0004922668159765412,0.0187
50.60000000000045,-39.848556469770664,0.003712912917727526,0.0005007989008129297,0.0187
50.70000000000045,-39.78214672092833,0.0038082428186854635,0.0005095261184704816,0.0187
50.80000000000045,-39.71494985274556,0.003907067031932208,0.0005184553933120855,0.0187
50.90000000000045,-39.64693350249614,0.004009575214452422,0.0005275940133221413,0.0187
51.000000000000455,-39.57806350049801,0.004115971075303104,0.0005369496556166926,0.0187
51.100000000000456,-39.50830373288433,0.004226473699951783,0.0005465304142104898,0.0187
51.20000000000046,-39.437615991170844,0.0043413190268452445,0.0005563448302841196,0.0187
51.30000000000046,-39.36595980707261,0.004460761496962084,0.0005664019252254263,0.0187
51.40000000000046,-39.29329227080842,0.004585075900390568,0.0005767112367551707,0.0187
51.50000000000046,-39.219567830881786,0.004714559447857404,0.0005872828584880115,0.0187
51.60000000000046,-39.14473807303696,0.00484953409973596,0.0005981274833273896,0.0187
51.700000000000465,-39.06875147574921,0.004990349190534055,0.0006092564511478966,0.0187
51.800000000000466,-38.99155313921116,0.005137384393387403,0.0006206818012825496,0.0187
51.90000000000047,-38.91308448431025,0.005291053076895561,0.0006324163304067235,0.0187
52.00000000000047,-38.83328291754164,0.005451806116018212,0.0006444736564972996,0.0187
52.10000000000047,-38.75208145715027,0.005620136230060063,0.0006568682896472515,0.0187
52.20000000000047,-38.669408315022274,0.005796582934460366,0.0006696157106353827,0.0187
52.30000000000047,-38.585186427925976,0.005981738209737222,0.0006827324582917946,0.0187
52.400000000000475,-38.4993329306011,0.006176253011233758,0.0006962362268663634,0.0187
52.500000000000476,-38.411758561872965,0.0063808447681918505,0.0007101459748054556,0.0187
52.60000000000048,-38.32236699337461,0.006596306051311273,0.0007244820465780999,0.0187
52.70000000000048,-38.23105406852951,0.006823514625850992,0.0007392663094752752,0.0187
52.80000000000048,-38.1377069370998,0.00706344515445438,0.0007545223076454612,0.0187
52.90000000000048,-38.04220306773496,0.0073171828727866366,0.0007702754360393978,0.0187
53.00000000000048,-37.944409117430794,0.007585939635113039,0.000786553137434014,0.0187
53.100000000000485,-37.84417963245506,0.00787107282054949,0.0008033851263111504,0.0187
53.200000000000486,-37.741355549890265,0.008174107709773781,0.000820803644108564,0.0187
53.30000000000049,-37.63576246219227,0.008496764094392515,0.000838843751274248,0.0187
53.40000000000049,-37.52720859867786,0.008840988077578615,0.0008575436626864617,0.0187
53.50000000000049,-37.415482467121514,0.009208990279550014,0.000876945134411335,0.0187
53.60000000000049,-37.30035008497141,0.00960329199489878,0.0008970939115369938,0.0187
53.70000000000049,-37.18155171215716,0.010026781288354806,0.000918040249053443,0.0187
53.800000000000495,-37.05879797478801,0.010482781599986047,0.0009398395205824181,0.0187
53.900000000000496,-36.93176523948438,0.010975136214838846,0.0009625529333923249,0.0187
54.0000000000005,-36.800090059220665,0.011508313013873873,0.0009862483728212135,0.0187
54.1000000000005,-36.66336245997197,0.01208753537596571,0.001011001405335337,0.0187
54.2000000000005,-36.5211177683033,0.012718947110509254,0.0010368964774736954,0.0187
54.3000000000005,-36.37282658633443,0.013409822112868836,0.0010640283585771552,0.0187
54.4000000000005,-36.217882392077136,0.014168833420907485,0.0010925038894836747,0.0187
54.500000000000504,-36.0555860649062,0.015006402076236776,0.0011224441187493097,0.0187
54.600000000000506,-35.885126385258076,0.01593515453816623,0.0011539869345716758,0.0187
54.70000000000051,-35.705555199971,0.016970529752527035,0.0011872903376443434,0.0187
54.80000000000051,-35.515755426209374,0.01813159558384124,0.0012225365525032504,0.0187
54.90000000000051,-35.31439930235703,0.019442162868393356,0.0012599372500240126,0.0187
55.00000000000051,-35.09989314542453,0.02093233005193008,0.001299740263386037,0.0187
55.10000000000051,-34.87030311220897,0.022640662965635792,0.0013422383430348227,0.0187
55.200000000000514,-34.62325369568957,0.02461733179555378,0.0013877807443069396,0.0187
55.300000000000516,-34.355786236272195,0.026928725499060488,0.0014367888276026353,0.0187
55.40000000000052,-34.06415735626446,0.029664408569325843,0.001489777468188897,0.0187
55.50000000000052,-33.74354462785749,0.03294790514719336,0.0015473850887062644,0.0187
55.60000000000052,-33.38760446871382,0.036953954922218625,0.0016104168570923725,0.0187
55.70000000000052,-32.987786085697806,0.04193714994197697,0.001679908652592095,0.0187
55.80000000000052,-32.53222569319943,0.04828151164729362,0.0017572250615539204,0.0187
55.900000000000524,-32.00388284730999,0.05659068288930701,0.001844215686388404,0.0187
56.000000000000526,-31.377227998502228,0.06786194102315218,0.001943476870833497,0.0187
56.10000000000053,-30.61196570872567,0.08384646226925546,0.0020588167860321038,0.0187
56.20000000000053,-29.640176387096183,0.10786181737625553,0.002196145693510765,0.0187
56.30000000000053,-28.337340809674522,0.14682624186893087,0.0023653505761713246,0.0187
56.40000000000053,-26.449133552970125,0.21703666765630117,0.0025847725870012223,0.0187
56.50000000000053,-23.382548928768678,0.3630305938409674,0.002893912625777611,0.0187
56.600000000000534,-17.58812692618772,0.723850104281917,0.0033994233924120156,0.0187
56.700000000000536,-5.821231288952127,1.652798085644263,0.004508101568981365,0.0187
56.80000000000054,10.458080212463898,2.8637494192950865,0.008469712677694223,0.0187
56.90000000000054,23.659686505555698,3.1802632724827222,0.024777513139541924,0.0187
57.00000000000054,32.283142697535254,3.017878296834506,0.0743518338451138,0.0187
57.10000000000054,36.849662420881856,2.7595839509786693,0.18548965634373338,0.0187
57.20000000000054,37.5834604367198,2.503385700599117,0.38136015399225826,0.0187
57.300000000000544,34.501652873212365,2.26722507805831,0.6684236474221453,0.0187
57.400000000000546,27.89320305265239,2.052626603308418,1.0290278898088108,0.0187
57.50000000000055,18.661139117301907,1.858096083285708,1.417038189448242,0.0187
57.60000000000055,8.29327290329475,1.6812888934276506,1.7611885605157058,0.0187
57.70000000000055,-1.6368466082204236,1.5168357265252579,1.9907442320051738,0.0187
57.80000000000055,-10.208839246800203,1.3443682595976458,2.0798196780479348,0.0187
57.90000000000055,-17.651384047571415,1.1057164181230936,2.0589504702090067,0.0187
58.000000000000554,-25.225500193507283,0.7269074100430549,1.974454599758142,0.0187
58.100000000000556,-33.946615490542264,0.27545075936915264,1.8595509249898452,0.0187
58.20000000000056,-42.37711365530564,0.05379159886111201,1.737987820681093,0.0187
58.30000000000056,-49.360665819889924,0.011821228056888513,1.624001895652207,0.0187
58.40000000000056,-55.00733434237938,0.0033085932621321557,1.5202713321969659,0.0187
58.50000000000056,-59.58725555440776,0.0009316247423915502,1.4257123472385136,0.0187
58.60000000000056,-63.32842610859912,0.0002607450674421818,1.3389001677616907,0.0187
58.700000000000564,-66.4087481984055,7.465658154274599e-05,1.2586822818419008,0.0187
58.800000000000566,-68.96462733353721,2.211776930794305e-05,1.1841885402726908,0.0187
58.90000000000057,-71.10066588006408,6.782934460698705e-06,1.114756743326126,0.0187
59.00000000000057,-72.89764191201732,2.1464428557278593e-06,1.0498686196086982,0.0187
59.10000000000057,-74.41849465970095,6.985485930507176e-07,0.9891056480735276,0.0187
59.20000000000057,-75.71270903338566,2.3328095002487427e-07,0.9321199805433995,0.0187
59.30000000000057,-76.81952763486201,7.987761830693995e-08,0.8786153201935942,0.0187
59.400000000000574,-77.77032209863563,2.806167538540351e-08,0.8283341492852959,0.0187
59.500000000000576,-78.59036093982296,1.0134233678182292e-08,0.7810490078470224,0.0187
59.60000000000058,-79.30014053372804,3.774045829027739e-09,0.736556391187312,0.0187
59.70000000000058,-79.91639660122333,1.4553093254543265e-09,0.6946723715465412,0.0187
59.80000000000058,-80.4528796309739,5.839884655431343e-10,0.6552293778864756,0.0187
59.90000000000058,-80.92095417855639,2.4525019700624623e-10,0.6180737697558462,0.0187
60.00000000000058,-81.33006556657416,1.0843764037013763e-10,0.5830639667917491,0.0187
60.100000000000584,-81.68810590988687,5.077977726714044e-11,0.5500689748067932,0.0187
60.200000000000585,-82.00170310238599,2.5318458098017724e-11,0.5189672004453911,0.0187
60.30000000000059,-82.27645041858297,1.3494772858006944e-11,0.48964547976600725,0.0187
60.40000000000059,-82.51709002179602,7.705958790657877e-12,0.46199826830073565,0.0187
60.50000000000059,-82.72766046271587,4.714307476144687e-12,0.4359269551447845,0.0187
60.60000000000059,-82.91161587279132,3.0828946963939714e-12,0.4113392739257955,0.0187
60.70000000000059,-83.0719227783781,2.1458978279000944e-12,0.38814879067626795,0.0187
60.800000000000594,-83.21113912250053,1.5808720902603826e-12,0.36627445369988915,0.0187
60.900000000000595,-83.33147906589514,1.2245956929572655e-12,0.3456401941504567,0.0187
61.0000000000006,-83.43486636439607,9.907714466249448e-13,0.3261745686724672,0.0187
61.1000000000006,-83.52297852503891,8.318179721010215e-13,0.3078104373828784,0.0187
61.2000000000006,-83.59728348404249,7.204362613064727e-13,0.29048467190684213,0.0187
61.3000000000006,-83.65907019324234,6.403718266990531e-13,0.2741378892563694,0.0187
61.4000000000006,-83.7094742231838,5.816098483595384e-13,0.2587142081576945,0.0187
61.500000000000604,-83.74949927267193,5.377847688660343e-13,0.24416102505959983,0.0187
61.600000000000605,-83.78003530236768,5.047351306364337e-13,0.2304288075404233,0.0187
61.70000000000061,-83.80187387360438,4.796708630132558e-13,0.21747090321142745,0.0187
61.80000000000061,-83.81572116504697,4.606787548498738e-13,0.2052433625145032,0.0187
61.90000000000061,-83.82220905306232,4.464204307107779e-13,0.1937047740518186,0.0187
62.00000000000061,-83.82190457204292,4.359430849862727e-13,0.18281611127805,0.0187
62.10000000000061,-83.81531801482085,4.285580520842388e-13,0.17254058954277587,0.0187
62.200000000000614,-83.80290988792147,4.2376121158757783e-13,0.16284353259936715,0.0187
62.300000000000615,-83.78509689954939,4.2117978982366975e-13,0.15369224780329052,0.0187
62.40000000000062,-83.76225712816024,4.205361699328928e-13,0.14505590931172524,0.0187
62.50000000000062,-83.73473449490288,4.216228741989575e-13,0.13690544867132556,0.0187
62.60000000000062,-83.70284264305069,4.2428501561891974e-13,0.12921345224456468,0.0187
62.70000000000062,-83.6668683109358,4.284078247338457e-13,0.12195406497951929,0.0187
62.80000000000062,-83.6270742711804,4.3390767720761176e-13,0.11510290007486408,0.0187
62.900000000000624,-83.58370189764989,4.407255701741376e-13,0.10863695413258037,0.0187
63.000000000000625,-83.53697341210047,4.4882233427338546e-13,0.10253452742648617,0.0187
63.10000000000063,-83.48709385461336,4.581750915578021e-13,0.0967751489460203,0.0187
63.20000000000063,-83.43425281531766,4.687746186604047e-13,0.09133950590243813,0.0187
63.30000000000063,-83.37862595937811,4.806233756651129e-13,0.08620937740924955,0.0187
63.40000000000063,-83.32037637257771,4.937340303981935e-13,0.08136757207080592,0.0187
63.50000000000063,-83.2596557509075,5.081283559014503e-13,0.07679786923278747,0.0187
63.600000000000634,-83.1966054542651,5.238364125212223e-13,0.07248496366626037,0.0187
63.700000000000635,-83.13135744155757,5.408959498894387e-13,0.06841441347321738,0.0187
63.80000000000064,-83.06403510212077,5.593519811176327e-13,0.06457259101629792,0.0187
63.90000000000064,-82.99475399633826,5.792564938233264e-13,0.060946636688879494,0.0187
64.00000000000064,-82.92362251661068,6.006682715622353e-13,0.05752441535409244,0.0187
64.10000000000063,-82.8507424783455,6.236528058165507e-13,0.054294475292662035,0.0187
64.20000000000063,-82.77620964936716,6.482822835625149e-13,0.051246009509932654,0.0187
64.30000000000062,-82.70011422505705,6.746356390827096e-13,0.048368819262073884,0.0187
64.40000000000062,-82.62254125559411,7.02798661434831e-13,0.04565327967038681,0.0187
64.50000000000061,-82.54357103085756,7.328641510782788e-13,0.04309030730089104,0.0187
64.6000000000006,-82.46327942785351,7.649321207646399e-13,0.04067132959404058,0.0187
64.7000000000006,-82.38173822492239,7.99110037042497e-13,0.03838825603654308,0.0187
64.8000000000006,-82.29901538645885,8.355130997018544e-13,0.03623345097388882,0.0187
64.90000000000059,-82.21517532142025,8.742645572556011e-13,0.03419970796837622,0.0187
65.00000000000058,-82.13027911850324,9.154960571740571e-13,0.032280225613185526,0.0187
65.10000000000058,-82.04438476052253,9.593480300906862e-13,0.030468584718436203,0.0187
65.20000000000057,-81.95754732022459,1.0059701076098933e-12,0.028758726790195154,0.0187
65.30000000000057,-81.86981913950552,1.0555215736923583e-12,0.027144933728109968,0.0187
65.40000000000056,-81.78124999377225,1.108171849885368e-12,0.02562180867174744,0.0187
65.50000000000055,-81.69188724298407,1.1641010149170886e-12,0.024184257929845597,0.0187
65.60000000000055,-81.6017759707348,1.2235003593941274e-12,0.022827473930555994,0.0187
65.70000000000054,-81.51095911258042,1.2865729765381599e-12,0.02154691913438195,0.0187
65.80000000000054,-81.41947757468004,1.3535343900755362e-12,0.020338310854923033,0.0187
65.90000000000053,-81.32737034369866,1.4246132205581077e-12,0.019197606935732324,0.0187
66.00000000000053,-81.23467458881343,1.50005189154748e-12,0.01812099223459505,0.0187
66.10000000000052,-81.14142575657246,1.5801073772414273e-12,0.017104865869357253,0.0187
66.20000000000051,-81.04765765927252,1.6650519932624693e-12,0.016145829182083883,0.0187
66.30000000000051,-80.95340255744945,1.755174232466582e-12,0.015240674380817863,0.0187
66.4000000000005,-80.85869123701089,1.850779647766142e-12,0.014386373820554991,0.0187
66.5000000000005,-80.76355308148374,1.952191784096809e-12,0.013580069887254343,0.0187
66.60000000000049,-80.66801613979914,2.059753161794246e-12,0.012819065450778046,0.0187
66.70000000000049,-80.57210718999251,2.173826313784143e-12,0.012100814854606469,0.0187
66.80000000000048,-80.47585179915731,2.2947948791290345e-12,0.011422915412012671,0.0187
66.90000000000047,-80.37927437995583,2.423064755618155e-12,0.010783099380109976,0.0187
67.00000000000047,-80.28239824395949,2.5590653142331983e-12,0.010179226384816026,0.0187
67.10000000000046,-80.1852456520634,2.703250678473369e-12,0.009609276271311102,0.0187
67.20000000000046,-80.08783786219567,2.856101071678646e-12,0.009071342356014018,0.0187
67.30000000000045,-79.99019517452004,3.018124235650497e-12,0.008563625057460856,0.0187
67.40000000000045,-79.89233697431116,3.18985692403561e-12,0.008084425884754932,0.0187
67.50000000000044,-79.79428177266456,3.371866474110266e-12,0.007632141763465671,0.0187
67.60000000000043,-79.69604724518815,3.5647524607818683e-12,0.007205259679993768,0.0187
67.70000000000043,-79.59765026880834,3.7691484368094935e-12,0.006802351626494333,0.0187
67.80000000000042,-79.4991069568118,3.985723763438524e-12,0.006422069829462287,0.0187
67.90000000000042,-79.40043269223304,4.21518553584469e-12,0.006063142246039023,0.0187
68.00000000000041,-79.3016421596881,4.4582806079918025e-12,0.005724368312999541,0.0187
68.1000000000004,-79.20274937574646,4.7157977217244925e-12,0.00540461493422803,0.0187
68.2000000000004,-79.10376771792495,4.98856974514344e-12,0.005102812693290145,0.0187
68.3000000000004,-79.00470995238109,5.277476025545951e-12,0.004817952278465253,0.0187
68.40000000000039,-78.9055882603767,5.5834448624599684e-12,0.004549081108313611,0.0187
68.50000000000038,-78.80641426357735,5.9074561065547655e-12,0.004295300146525074,0.0187
68.60000000000038,-78.70719904824793,6.250543890477657e-12,0.004055760895429154,0.0187
68.70000000000037,-78.60795318840059,6.613799497942983e-12,0.0038296625581437788,0.0187
68.80000000000037,-78.50868676794676,6.9983743776878865e-12,0.00361624935990368,0.0187
68.90000000000036,-78.40940940190168,7.405483309210198e-12,0.0034148080196410363,0.0187
69.00000000000036,-78.31013025668665,7.836407727516468e-12,0.0032246653633926504,0.0187
69.10000000000035,-78.21085806957075,8.292499214433881e-12,0.0030451860715812523,0.0187
69.20000000000034,-78.1116011672919,8.7751831643796e-12,0.002875770552665031,0.0187
69.30000000000034,-78.01236748389385,9.285962632833894e-12,0.0027158529360709546,0.0187
69.40000000000033,-77.91316457781417,9.826422376131832e-12,0.002564899177724951,0.0187
69.50000000000033,-77.81399964825573,1.0398233091570917e-11,0.0024224052718673015,0.0187
69.60000000000032,-77.71487955087295,1.1003155867231213e-11,0.0022878955631956007,0.0187
69.70000000000032,-77.61581081280178,1.1643046851319121e-11,0.0021609211537118125,0.0187
69.80000000000031,-77.51679964706119,1.2319862151278025e-11,0.002041058398965265,0.0187
69.9000000000003,-77.41785196635257,1.3035662973358987e-11,0.0019279074886810058,0.0187
70.0000000000003,-77.31897339628182,1.379262101381156e-11,0.001821091107043844,0.0187
70.10000000000029,-77.22016928802809,1.459302411334222e-11,0.0017202531681734423,0.0187
70.20000000000029,-77.1214447304817,1.5439282186993735e-11,0.0016250576225760479,0.0187
70.30000000000028,-77.02280456187282,1.6333933442125245e-11,0.0015351873305945785,0.0187
70.40000000000028,-76.9242533809117,1.7279650897720836e-11,0.0014503429991016721,0.0187
70.50000000000027,-76.82579555745994,1.8279249218823548e-11,0.00137024217789068,0.0187
70.60000000000026,-76.72743524275192,1.9335691880483823e-11,0.0012946183124181877,0.0187
70.70000000000026,-76.62917637918426,2.045209867622751e-11,0.0012232198497390513,0.0187
70.80000000000025,-76.53102270969072,2.1631753586687208e-11,0.001155809394651908,0.0187
70.90000000000025,-76.43297778671926,2.287811302470745e-11,0.0010921629132401036,0.0187
71.00000000000024,-76.33504498082696,2.419481447392363e-11,0.001032068981150663,0.0187
71.10000000000024,-76.23722748890833,2.558568553853419e-11,0.0009753280741027239,0.0187
71.20000000000023,-76.13952834207157,2.705475342273021e-11,0.0009217518982573663,0.0187
71.30000000000022,-76.04195041317705,2.8606254859023116e-11,0.0008711627582133614,0.0187
71.40000000000022,-75.94449642405147,3.0244646505514704e-11,0.0008233929605185739,0.0187
71.50000000000021,-75.84716895239077,3.19746158329903e-11,0.0007782842507049244,0.0187
71.60000000000021,-75.74997043836444,3.3801092523584176e-11,0.000735687281966378,0.0187
71.7000000000002,-75.6529031909332,3.572926040366778e-11,0.0006954611137047507,0.0187
71.8000000000002,-75.55596939389179,3.7764569934544625e-11,0.0006574727382675527,0.0187
71.90000000000019,-75.4591711116479,3.9912751285510125e-11,0.0006215966342959284,0.0187
72.00000000000018,-75.36251029474819,4.2179828014839944e-11,0.0005877143451893869,0.0187
72.10000000000018,-75.26598878516157,4.457213138531668e-11,0.0005557140812776391,0.0187
72.20000000000017,-75.1696083213298,4.709631534198965e-11,0.0005254903443688456,0.0187
72.30000000000017,-75.07337054299501,4.975937218098818e-11,0.000496943573418109,0.0187
72.40000000000016,-74.97727699581327,5.2568648939375915e-11,0.0004699798101304416,0.0187
72.50000000000016,-74.88132913576321,5.553186453724368e-11,0.0004445103833788613,0.0187
72.60000000000015,-74.7855283333581,5.865712770449446e-11,0.0004204516113810022,0.0187
72.70000000000014,-74.68987587766966,6.195295572607452e-11,0.00039772452063683975,0.0187
72.80000000000014,-74.59437298017149,6.542829404075595e-11,0.00037625458068601784,0.0187
72.90000000000013,-74.49902077840974,6.909253672997081e-11,0.00035597145379605603,0.0187
73.00000000000013,-74.40382033950831,7.295554793464824e-11,0.0003368087587425155,0.0187
73.10000000000012,-74.30877266351541,7.702768423950845e-11,0.00031870384788924963,0.0187
73.20000000000012,-74.21387868659868,8.131981806582112e-11,0.00030159759682125503,0.0187
73.30000000000011,-74.11913928409476,8.58433621152468e-11,0.0002854342058245581,0.0187
73.4000000000001,-74.02455527342009,9.061029490905196e-11,0.00027016101254714235,0.0187
73.5000000000001,-73.93012741684853,9.563318746871508e-11,0.00025572831521227316,0.0187
73.6000000000001,-73.83585642416179,1.009252311857291e-10,0.0002420892057908441,0.0187
73.70000000000009,-73.74174295517793,1.065002669302606e-10,0.00022919941257265906,0.0187
73.80000000000008,-73.64778762216362,1.1237281545024765e-10,0.00021701715160798852,0.0187
73.90000000000008,-73.55399099213483,1.1855810911449272e-10,0.00020550298652040775,0.0187
74.00000000000007,-73.46035358905112,1.2507212505537503e-10,0.00019461969621993027,0.0187
74.10000000000007,-73.36687589590804,1.319316197689196e-10,0.00018433215007188832,0.0187
74.20000000000006,-73.27355835673224,1.3915416523217153e-10,0.00017460719010196885,0.0187
74.30000000000005,-73.18040137848354,1.467581866000859e-10,0.0001654135198413732,0.0187
74.40000000000005,-73.0874053328682,1.5476300154650788e-10,0.00015672159943831072,0.0187
74.50000000000004,-72.99457055806712,1.6318886131623907e-10,0.00014850354668302605,0.0187
74.60000000000004,-72.90189736038305,1.7205699355771465e-10,0.00014073304361338502,0.0187
74.70000000000003,-72.80938601581016,1.813896470084011e-10,0.00013338524838674297,0.0187
74.80000000000003,-72.7170367715298,1.9121013810772422e-10,0.00012643671212148576,0.0187
74.90000000000002,-72.62484984733544,2.0154289961510808e-10,0.00011986530042829966,0.0187
75.00000000000001,-72.53282543699022,2.124135313135753e-10,0.0001136501193669607,0.0187
75.10000000000001,-72.44096370952008,2.2384885288232662e-10,0.0001077714455792894,0.0187
75.2,-72.34926481044546,2.358769590247809e-10,0.0001022106603629345,0.0187
75.3,-72.2577288629543,2.4852727694171537e-10,9.695018746388479e-05,0.0187
75.39999999999999,-72.16635596901904,2.618306262424216e-10,9.197343437809761e-05,0.0187
75.49999999999999,-72.07514621046033,2.7581928139015403e-10,8.726473696442653e-05,0.0187
75.59999999999998,-71.98409964995975,2.9052703678164075e-10,8.280930718215695e-05,0.0187
75.69999999999997,-71.89321633202383,3.0598927456400744e-10,7.85931837769646e-05,0.0187
75.79999999999997,-71.80249628390192,3.222430352961979e-10,7.460318574902776e-05,0.0187
75.89999999999996,-71.71193951645976,3.3932709156577067e-10,7.082686844638119e-05,0.0187
75.99999999999996,-71.62154602501093,3.5728202467592656e-10,6.725248213543479e-05,0.0187
76.09999999999995,-71.53131579010812,3.761503045216833e-10,6.38689329089158e-05,0.0187
76.19999999999995,-71.44124877829624,3.959763727783148e-10,6.066574579936375e-05,0.0187
76.29999999999994,-71.35134494282883,4.1680672952950483e-10,5.763302997373377e-05,0.0187
76.39999999999993,-71.26160422434988,4.3869002346714227e-10,5.476144589167406e-05,0.0187
76.49999999999993,-71.1720265515424,4.616771457992714e-10,5.204217431665971e-05,0.0187
76.59999999999992,-71.08261184174546,4.858213280074776e-10,4.946688707540839e-05,0.0187
76.69999999999992,-70.99336000154118,5.111782435998609e-10,4.702771946689806e-05,0.0187
76.79999999999991,-70.90427092731298,5.378061140107968e-10,4.471724422786776e-05,0.0187
76.8999999999999,-70.81534450577658,5.657658188038928e-10,4.252844696693255e-05,0.0187
76.9999999999999,-70.72658061448509,5.951210103398762e-10,4.045470298439727e-05,0.0187
77.0999999999999,-70.63797912230916,6.259382330766427e-10,3.84897553995299e-05,0.0187
77.19999999999989,-70.54953988989377,6.582870476744274e-10,3.6627694511467176e-05,0.0187
77.29999999999988,-70.46126277009238,6.922401600848232e-10,3.4862938324089766e-05,0.0187
77.39999999999988,-70.37314760837988,7.278735558084382e-10,3.319021416913383e-05,0.0187
77.49999999999987,-70.28519424324513,7.652666395121438e-10,3.160454136551477e-05,0.0187
77.59999999999987,-70.19740250656409,8.045023802032378e-10,3.0101214856338913e-05,0.0187
77.69999999999986,-70.1097722239546,8.456674621643943e-10,2.867578976838155e-05,0.0187
77.79999999999986,-70.02230321511364,8.888524418600167e-10,2.732406684192675e-05,0.0187
77.89999999999985,-69.93499529413782,9.341519110315124e-10,2.6042078681805685e-05,0.0187
77.99999999999984,-69.84784826982806,9.816646662061744e-10,2.4826076783245936e-05,0.0187
78.09999999999984,-69.76086194597913,1.0314938848516517e-09,2.3672519288763492e-05,0.0187
78.19999999999983,-69.67403612165484,1.083747308415514e-09,2.2578059434800414e-05,0.0187
78.29999999999983,-69.5873705914495,1.1385374324971803e-09,2.1539534649144535e-05,0.0187
78.39999999999982,-69.50086514573651,1.1959817044074277e-09,2.0553956262367073e-05,0.0187
78.49999999999982,-69.41451957090442,1.2562027283788234e-09,1.9618499798592067e-05,0.0187
78.59999999999981,-69.32833364958131,1.3193284786989002e-09,1.8730495812870512e-05,0.0187
78.6999999999998,-69.24230716084799,1.385492521046426e-09,1.7887421244281536e-05,0.0187
78.7999999999998,-69.15643988044047,1.4548342423200262e-09,1.708689125562769e-05,0.0187
78.89999999999979,-69.07073158094249,1.5274990892575033e-09,1.6326651532238004e-05,0.0187
78.99999999999979,-68.98518203196821,1.6036388161534619e-09,1.5604571013945862e-05,0.0187
79.09999999999978,-68.8997910003359,1.6834117419924973e-09,1.4918635035774686e-05,0.0187
79.19999999999978,-68.8145582502329,1.7669830173250084e-09,1.4266938854247411e-05,0.0187
79.29999999999977,-68.72948354337233,1.8545249012227045e-09,1.3647681537540974e-05,0.0187
79.39999999999976,-68.64456663914181,1.946217048661336e-09,1.3059160198938135e-05,0.0187
79.49999999999976,-68.55980729474499,2.042246808688622e-09,1.2499764554191042e-05,0.0187
79.59999999999975,-68.47520526533563,2.142809533746342e-09,1.1967971784506915e-05,0.0187
79.69999999999975,-68.39076030414523,2.2481089005266676e-09,1.1462341687900592e-05,0.0187
79.79999999999974,-68.30647216260404,2.3583572427541427e-09,1.0981512102634568e-05,0.0187
79.89999999999974,-68.22234059045611,2.4737758962965553e-09,1.0524194587387864e-05,0.0187
79.99999999999973,-68.13836533586847,2.59459555701977e-09,1.0089170343663536e-05,0.0187
80.09999999999972,-68.0545461455348,2.721056651814054e-09,9.675286366764618e-06,0.0187
80.19999999999972,-67.97088276477393,2.853409723231793e-09,9.281451812441074e-06,0.0187
80.29999999999971,-67.88737493762333,2.9919158281895258e-09,8.90663456704027e-06,0.0187
80.39999999999971,-67.80402240692784,3.1368469512003034e-09,8.549858009681503e-06,0.0187
80.4999999999997,-67.720824914424,3.2884864326159613e-09,8.210197955624556e-06,0.0187
80.5999999999997,-67.63778220082001,3.4471294123725144e-09,7.886779770615056e-06,0.0187
80.69999999999969,-67.55489400587176,3.613083289746227e-09,7.578775646567014e-06,0.0187
80.79999999999968,-67.47216006845485,3.786668199642144e-09,7.285402029488705e-06,0.0187
80.89999999999968,-67.38958012663315,3.968217505951772e-09,7.005917191072021e-06,0.0187
80.99999999999967,-67.3071539177237,4.15807831253159e-09,6.739618935851109e-06,0.0187
81.09999999999967,-67.22488117835842,4.356611992369543e-09,6.485842436293783e-06,0.0187
81.19999999999966,-67.14276164454265,4.564194735522466e-09,6.243958188621191e-06,0.0187
81.29999999999966,-67.06079505171074,4.781218116423425e-09,6.013370082558791e-06,0.0187
81.39999999999965,-66.97898113477876,5.008089681174398e-09,5.793513578606019e-06,0.0187
81.49999999999964,-66.89731962819452,5.2452335554566665e-09,5.583853986774824e-06,0.0187
81.59999999999964,-66.81581026598512,5.4930910737082835e-09,5.383884841089285e-06,0.0187
81.69999999999963,-66.73445278180195,5.752121430235454e-09,5.193126364461386e-06,0.0187
81.79999999999963,-66.65324690896352,6.02280235294282e-09,5.011124018862448e-06,0.0187
81.89999999999962,-66.57219238049602,6.305630800385422e-09,4.837447135997015e-06,0.0187
81.99999999999962,-66.49128892917172,6.601123682864169e-09,4.671687623956959e-06,0.0187
82.09999999999961,-66.41053628754561,6.909818608305353e-09,4.513458745589221e-06,0.0187
82.1999999999996,-66.32993418798998,7.232274653683956e-09,4.362393964551748e-06,0.0187
82.2999999999996,-66.24948236272726,7.569073162770578e-09,4.218145855259688e-06,0.0187
82.3999999999996,-66.16918054386122,7.92081857100157e-09,4.080385073138533e-06,0.0187
82.49999999999959,-66.08902846340648,8.28813925829257e-09,3.948799381803364e-06,0.0187
82.59999999999958,-66.00902585331656,8.671688430636343e-09,3.823092733974291e-06,0.0187
82.69999999999958,-65.92917244551045,9.07214503134736e-09,3.702984403118458e-06,0.0187
82.79999999999957,-65.84946797189778,9.490214682836576e-09,3.58820816297878e-06,0.0187
82.89999999999957,-65.76991216440274,9.92663065982252e-09,3.478511512310117e-06,0.0187
82.99999999999956,-65.69050475498663,1.0382154894906678e-08,3.3736549422946673e-06,0.0187
83.09999999999955,-65.61124547566939,1.0857579017464207e-08,3.273411244251165e-06,0.0187
83.19999999999955,-65.53213405854984,1.1353725426823802e-08,3.177564855386985e-06,0.0187
83.29999999999954,-65.453170235825,1.1871448400734594e-08,3.0859112404693355e-06,0.0187
83.39999999999954,-65.3743537398083,1.241163524014118e-08,2.9982563074113647e-06,0.0187
83.49999999999953,-65.29568430294681,1.2975207451312776e-08,2.914415854882166e-06,0.0187
83.59999999999953,-65.21716165783762,1.3563121966396949e-08,2.834215050156138e-06,0.0187
83.69999999999952,-65.13878553724332,1.4176372403493318e-08,2.7574879355177847e-06,0.0187
83.79999999999951,-65.06055567410662,1.4815990367367965e-08,2.684076961632886e-06,0.0187
83.89999999999951,-64.9824718015642,1.5483046791955614e-08,2.6138325463864774e-06,0.0187
83.9999999999995,-64.90453365295983,1.6178653325822335e-08,2.5466126577724788e-06,0.0187
84.0999999999995,-64.82674096185671,1.6903963761788033e-08,2.4822824194994998e-06,0.0187
84.19999999999949,-64.74909346204925,1.7660175511935563e-08,2.4207137380524365e-06,0.0187
84.29999999999949,-64.67159088757406,1.8448531129259727e-08,2.361784950020402e-06,0.0187
84.39999999999948,-64.5942329727204,1.927031987723769e-08,2.3053804885683794e-06,0.0187
84.49999999999947,-64.5170194520401,2.012687934863041e-08,2.251390567993079e-06,0.0187
84.59999999999947,-64.43995006035674,2.101959713485237e-08,2.1997108853630157e-06,0.0187
84.69999999999946,-64.36302453277452,2.1949912547276583e-08,2.1502423382989275e-06,0.0187
84.79999999999946,-64.28624260468646,2.2919318391869838e-08,2.1028907580036956e-06,0.0187
84.89999999999945,-64.20960401178223,2.3929362798583776e-08,2.057566656700832e-06,0.0187
84.99999999999945,-64.1331084900554,2.4981651106955813e-08,2.0141849886878173e-06,0.0187
85.09999999999944,-64.05675577581039,2.6077847809405267e-08,1.9726649242549938e-06,0.0187
85.19999999999943,-63.980545605668866,2.7219678553739234e-08,1.9329296357627584e-06,0.0187
85.29999999999943,-63.904477716575855,2.840893220641425e-08,1.8949060952093258e-06,0.0187
85.39999999999942,-63.82855184580539,2.9647462978130704e-08,1.85852488265875e-06,0.0187
85.49999999999942,-63.75276773096587,3.0937192613367675e-08,1.82372000493412e-06,0.0187
85.59999999999941,-63.67712511000501,3.2280112645497814e-08,1.790428724014102e-06,0.0187
85.6999999999994,-63.60162372121448,3.36782867191539e-08,1.75859139460238e-06,0.0187
85.7999999999994,-63.52626330323424,3.513385298155032e-08,1.7281513103691914e-06,0.0187
85.8999999999994,-63.45104359505659,3.664902654449577e-08,1.699054558392034e-06,0.0187
85.99999999999939,-63.37596433602986,3.8226102018864324e-08,1.6712498813490523e-06,0.0187
86.09999999999938,-63.301025265861924,3.986745612332808e-08,1.6446885470434214e-06,0.0187
86.19999999999938,-63.22622612462334,4.1575550369183204e-08,1.6193242248605847e-06,0.0187
86.29999999999937,-63.151566652750326,4.335293382313895e-08,1.5951128687823091e-06,0.0187
86.39999999999937,-63.07704659104748,4.520224594996856e-08,1.5720126066024307e-06,0.0187
86.49999999999936,-63.00266568069017,4.7126219536957586e-08,1.5499836350089343e-06,0.0187
86.59999999999935,-62.928423663226866,4.912768370211756e-08,1.5289881202155527e-06,0.0187
86.69999999999935,-62.854320280581106,5.1209566988165796e-08,1.5089901038437177e-06,0.0187
86.79999999999934,-62.78035527505332,5.337490054430831e-08,1.4899554137722167e-06,0.0187
86.89999999999934,-62.70652838932247,5.5626821397896035e-08,1.4718515796875945e-06,0.0187
86.99999999999933,-62.6328393664475,5.796857581805653e-08,1.454647753083098e-06,0.0187
87.09999999999933,-62.55928794986852,6.040352277344111e-08,1.4383146314678956e-06,0.0187
87.19999999999932,-62.485873883407926,6.293513748626001e-08,1.422824386561475e-06,0.0187
87.29999999999932,-62.41259691127126,6.556701508481102e-08,1.4081505962605328e-06,0.0187
87.39999999999931,-62.33945677804796,6.830287435674444e-08,1.3942681801773915e-06,0.0187
87.4999999999993,-62.26645322871193,7.114656160533828e-08,1.3811533385600702e-06,0.0187
87.5999999999993,-62.193586008621935,7.410205461109448e-08,1.3687834944145328e-06,0.0187
87.69999999999929,-62.12085486352187,7.717346670099949e-08,1.3571372386595628e-06,0.0187
87.79999999999929,-62.04825953954089,8.036505092782772e-08,1.3461942781539678e-06,0.0187
87.89999999999928,-61.975799783193345,8.368120436189956e-08,1.3359353864446428e-06,0.0187
87.99999999999928,-61.90347534137868,8.712647249773992e-08,1.3263423570923092e-06,0.0187
88.09999999999927,-61.831285961381056,9.07055537781169e-08,1.3173979594395756e-06,0.0187
88.19999999999926,-61.75923139086898,9.442330423797539e-08,1.30908589669338e-06,0.0187
88.29999999999926,-61.68731137789474,9.828474227080914e-08,1.3013907662008412e-06,0.0187
88.39999999999925,-61.61552567089366,1.0229505352005431e-07,1.2942980218041646e-06,0.0187
88.49999999999925,-61.54387401868336,1.0645959589811583e-07,1.2877939381664619e-06,0.0187
88.59999999999924,-61.47235617046281,1.1078390473567242e-07,1.2818655769662361e-06,0.0187
88.69999999999924,-61.40097187581128,1.1527369806393596e-07,1.2765007548638277e-06,0.0187
88.79999999999923,-61.32972088468716,1.199348820325778e-07,1.2716880131483894e-06,0.0187
88.89999999999922,-61.25860294742672,1.247735564660624e-07,1.2674165889788884e-06,0.0187
88.99999999999922,-61.187617814742694,1.2979602056115882e-07,1.2636763881373339e-06,0.0187
89.09999999999921,-61.11676523772279,1.3500877872843648e-07,1.2604579592168414e-06,0.0187
89.1999999999992,-61.046044967828074,1.4041854658057595e-07,1.2577524691713314e-06,0.0187
89.2999999999992,-60.975456756891276,1.460322570703604e-07,1.2555516801575985e-06,0.0187
89.3999999999992,-60.90500035711494,1.5185706678124017e-07,1.2538479276042262e-06,0.0187
89.49999999999919,-60.834675521069485,1.5790036237339067e-07,1.252634099445334e-06,0.0187
89.59999999999918,-60.764482001691206,1.6416976718821688e-07,1.2519036164604878e-06,0.0187
89.69999999999918,-60.694419552280095,1.7067314801427737e-07,1.2516504136652396e-06,0.0187
89.79999999999917,-60.624487926497615,1.7741862201763797e-07,1.2518689226997354e-06,0.0187
89.89999999999917,-60.55468687836435,1.8441456383968147e-07,1.2525540551656512e-06,0.0187
89.99999999999916,-60.48501616225752,1.9166961286543277e-07,1.2537011868643567e-06,0.0187
90.09999999999916,-60.41547553290846,1.9919268066548113e-07,1.255306142891737e-06,0.0187
90.19999999999915,-60.34606474539996,2.069929586146035e-07,1.2573651835474493e-06,0.0187
90.29999999999914,-60.27678355516344,2.1507992569021847e-07,1.2598749910186627e-06,0.0187
90.39999999999914,-60.20763171797614,2.234633564538274e-07,1.262832656800427e-06,0.0187
90.49999999999913,-60.138608989958136,2.3215332921860886e-07,1.2662356698168321e-06,0.0187
90.59999999999913,-60.06971512756924,2.4116023440636556e-07,1.270081905209021e-06,0.0187
90.69999999999912,-60.0009498876058,2.5049478309703615e-07,1.274369613757895e-06,0.0187
90.79999999999912,-59.93231302719745,2.6016801577401027e-07,1.2790974119110619e-06,0.0187
90.89999999999911,-59.863804303803704,2.7019131126848896e-07,1.2842642723851731e-06,0.0187
90.9999999999991,-59.79542347521043,2.805763959061666e-07,1.2898695153163143e-06,0.0187
91.0999999999991,-59.72717029952624,2.9133535285951656e-07,1.2959127999325446e-06,0.0187
91.1999999999991,-59.65904453517879,3.024806317089788e-07,1.3023941167240453e-06,0.0187
91.29999999999909,-59.591045940910945,3.1402505821636655e-07,1.3093137800876106e-06,0.0187
91.39999999999908,-59.523174275776825,3.2598184431381033e-07,1.3166724214234475e-06,0.0187
91.49999999999908,-59.455429299137734,3.38364598311584e-07,1.3244709826633697e-06,0.0187
91.59999999999907,-59.38781077065802,3.5118733532816394e-07,1.3327107102105951e-06,0.0187
91.69999999999906,-59.32031845030081,3.644644879458665e-07,1.3413931492723552e-06,0.0187
91.79999999999906,-59.252952098323576,3.7821091709543757e-07,1.3505201385675174e-06,0.0187
91.89999999999905,-59.18571147527364,3.9244192317296664e-07,1.360093805392337e-06,0.0187
91.99999999999905,-59.11859634198355,4.0717325739250117e-07,1.3701165610283276e-06,0.0187
92.09999999999904,-59.0516064595663,4.2242113337774284e-07,1.3805910964770672e-06,0.0187
92.19999999999904,-58.98474158941049,4.382022389962121e-07,1.3915203785075472e-06,0.0187
92.29999999999903,-58.9180014931753,4.5453374843926723e-07,1.4029076460023898e-06,0.0187
92.39999999999903,-58.851385932785405,4.714333345513618e-07,1.414756406589995e-06,0.0187
92.49999999999902,-58.784894670425686,4.889191814119326e-07,1.4270704335503074e-06,0.0187
92.59999999999901,-58.71852746853591,5.070099971732939e-07,1.4398537629825575e-06,0.0187
92.69999999999901,-58.652284089805164,5.257250271579228e-07,1.453110691223897e-06,0.0187
92.799999999999,-58.58616429716626,5.450840672185133e-07,1.4668457725084382e-06,0.0187
92.899999999999,-58.520167853789964,5.651074773641563e-07,1.4810638168567233e-06,0.0187
92.99999999999899,-58.45429452307907,5.858161956560152e-07,1.4957698881861693e-06,0.0187
93.09999999999899,-58.388544068662384,6.072317523758418e-07,1.5109693026335195e-06,0.0187
93.19999999999898,-58.3229162543885,6.293762844706777e-07,1.5266676270807666e-06,0.0187
93.29999999999897,-58.25741084431953,6.522725502770666e-07,1.5428706778764706e-06,0.0187
93.39999999999897,-58.19202760272461,6.759439445280836e-07,1.5595845197447843e-06,0.0187
93.49999999999896,-58.12676629407329,7.004145136464898e-07,1.5768154648749036e-06,0.0187
93.59999999999896,-58.06162668302879,7.257089713272938e-07,1.5945700721840107e-06,0.0187
93.69999999999895,-57.99660853444105,7.518527144129791e-07,1.612855146747149e-06,0.0187
93.79999999999895,-57.931711613339715,7.788718390646517e-07,1.6316777393877808e-06,0.0187
93.89999999999894,-57.86693568492687,8.067931572323172e-07,1.651045146423096e-06,0.0187
93.99999999999893,-57.80228051456973,8.356442134275078e-07,1.6709649095584637e-06,0.0187
94.09999999999893,-57.73774586779303,8.654533018014189e-07,1.6914448159256478e-06,0.0187
94.19999999999892,-57.673331510271396,8.962494835317329e-07,1.712492898259745e-06,0.0187
94.29999999999892,-57.60903720782146,9.280626045212395e-07,1.734117435209995e-06,0.0187
94.39999999999891,-57.54486272639381,9.609233134113535e-07,1.7563269517798974e-06,0.0187
94.4999999999989,-57.48080783206484,9.948630799136265e-07,1.779130219892284e-06,0.0187
94.5999999999989,-57.416872291028376,1.0299142134622662e-06,1.8025362590751996e-06,0.0187
94.6999999999989,-57.3530558695871,1.066109882190682e-06,1.8265543372646869e-06,0.0187
94.79999999999889,-57.28935833414387,1.1034841322350607e-06,1.8511939717207327e-06,0.0187
94.89999999999888,-57.225779451192814,1.1420719073678957e-06,1.8764649300528335e-06,0.0187
94.99999999999888,-57.16231898731024,1.1819090689643696e-06,1.9023772313518245e-06,0.0187
95.09999999999887,-57.098976709145404,1.2230324163045124e-06,1.9289411474247664e-06,0.0187
95.19999999999887,-57.03575238341104,1.2654797072139357e-06,1.956167204129862e-06,0.0187
95.29999999999886,-56.97264577687369,1.3092896790459611e-06,1.984066182808514e-06,0.0187
95.39999999999885,-56.909656656343955,1.3545020700079265e-06,2.0126491218117915e-06,0.0187
95.49999999999885,-56.8467847886664,1.4011576408343528e-06,2.0419273181186965e-06,0.0187
95.59999999999884,-56.784029940709345,1.4492981968097201e-06,2.0719123290437706e-06,0.0187
95.69999999999884,-56.72139187935445,1.4989666101434497e-06,2.1026159740316893e-06,0.0187
95.79999999999883,-56.6588703714861,1.5502068426997331e-06,2.1340503365366194e-06,0.0187
95.89999999999883,-56.59646518398053,1.603063969084745e-06,2.166227765984231e-06,0.0187
95.99999999999882,-56.53417608369482,1.6575842000938215e-06,2.1991608798143473e-06,0.0187
96.09999999999881,-56.472002837455605,1.7138149065210012e-06,2.2328625656023453e-06,0.0187
96.19999999999881,-56.40994521204766,1.7718046433334635e-06,2.2673459832574827e-06,0.0187
96.2999999999988,-56.348002974202174,1.8316031742131883e-06,2.302624567296446e-06,0.0187
96.3999999999988,-56.286175890584815,1.893261496468242e-06,2.3387120291904995e-06,0.0187
96.49999999999879,-56.22446372778366,1.9568318663160058e-06,2.3756223597846774e-06,0.0187
96.59999999999879,-56.162866252296766,2.0223678245405884e-06,2.413369831787589e-06,0.0187
96.69999999999878,-56.10138323051967,2.0899242225266792e-06,2.451969002330415e-06,0.0187
96.79999999999878,-56.04001442873253,2.1595572486720257e-06,2.4914347155938106e-06,0.0187
96.89999999999877,-55.978759613087036,2.2313244551806726e-06,2.5317821055014704e-06,0.0187
96.99999999999876,-55.91761854959315,2.305284785239156e-06,2.57302659847917e-06,0.0187
97.09999999999876,-55.85659100410559,2.3814986005775824e-06,2.6151839162781792e-06,0.0187
97.19999999999875,-55.795676742310036,2.460027709417749e-06,2.6582700788620103e-06,0.0187
97.29999999999875,-55.7348755297091,2.540935394810239e-06,2.7023014073554833e-06,0.0187
97.39999999999874,-55.674187131608065,2.6242864433624993e-06,2.7472945270551902e-06,0.0187
97.49999999999874,-55.61361131310037,2.710147174359772e-06,2.7932663705004764e-06,0.0187
97.59999999999873,-55.55314783905281,2.798585469280803e-06,2.8402341806040965e-06,0.0187
97.69999999999872,-55.4927964740905,2.8896708017102125e-06,2.8882155138417657e-06,0.0187
97.79999999999872,-55.43255698258156,2.9834742676493395e-06,2.9372282434998834e-06,0.0187
97.89999999999871,-55.372429128621604,3.0800686162273462e-06,2.987290562980714e-06,0.0187
97.9999999999987,-55.31241267601784,3.1795282808143742e-06,3.038420989164392e-06,0.0187
98.0999999999987,-55.252507388273024,3.2819294105385474e-06,3.090638365827154e-06,0.0187
98.1999999999987,-55.19271302856902,3.3873499022085036e-06,3.1439618671152136e-06,0.0187
98.29999999999869,-55.133029359750196,3.49586943264323e-06,3.198411001073751e-06,0.0187
98.39999999999868,-55.07345614430648,3.6075694914108342e-06,3.2540056132305476e-06,0.0187
98.49999999999868,-55.013993144356135,3.722533413978007e-06,3.3107658902337903e-06,0.0187
98.59999999999867,-54.95464012162826,3.8408464152718595e-06,3.368712363543636e-06,0.0187
98.69999999999867,-54.89539683744499,3.962595623655743e-06,3.4278659131771427e-06,0.0187
98.79999999999866,-54.83626305270343,4.087870115320827e-06,3.4882477715062204e-06,0.0187
98.89999999999866,-54.77723852785728,4.2167609490950495e-06,3.5498795271082703e-06,0.0187
98.99999999999865,-54.71832302289813,4.349361201671113e-06,3.6127831286692367e-06,0.0187
99.09999999999864,-54.65951629733652,4.485766003255313e-06,3.6769808889387787e-06,0.0187
99.19999999999864,-54.60081811018265,4.626072573638827e-06,3.7424954887373654e-06,0.0187
99.29999999999863,-54.54222821992677,4.770380258693177e-06,3.809349981015061e-06,0.0187
99.39999999999863,-54.48374638451932,4.918790567291741e-06,3.87756779496183e-06,0.0187
99.49999999999862,-54.425372361350696,5.071407208658975e-06,3.947172740169215e-06,0.0187
99.59999999999862,-54.36710590723074,5.228336130149264e-06,4.018189010843267e-06,0.0187
99.69999999999861,-54.30894677836788,5.3896855554571814e-06,4.090641190068603e-06,0.0187
99.7999999999986,-54.25089473034798,5.555566023261134e-06,4.164554254123567e-06,0.0187
99.8999999999986,-54.19294951811284,5.726090426302397e-06,4.239953576846384e-06,0.0187
99.9999999999986,-54.13511089593838,5.9013740509013875e-06,4.316864934052342e-06,0.0187
