Time,Voltage
0,-69.91268166796614
0.1,-69.82552646779396
0.2,-69.7385340939145
0.30000000000000004,-69.65170424171879
0.4,-69.56503660750536
0.5,-69.47853088831438
0.6,-69.39218678180808
0.7,-69.30600398620948
0.7999999999999999,-69.2199822002784
0.8999999999999999,-69.134121123306
0.9999999999999999,-69.04842045511674
1.0999999999999999,-68.96287989607251
1.2,-68.8774991470767
1.3,-68.7922779095774
1.4000000000000001,-68.70721588556961
1.5000000000000002,-68.62231277759666
1.6000000000000003,-68.53756828875096
1.7000000000000004,-68.45298212267423
1.8000000000000005,-68.3685539835574
1.9000000000000006,-68.28428357614033
2.0000000000000004,-68.20017060571112
2.1000000000000005,-68.11621477810564
2.2000000000000006,-68.0324157997066
2.3000000000000007,-67.94877337744278
2.400000000000001,-67.86528721878815
2.500000000000001,-67.78195703176098
2.600000000000001,-67.69878252492282
2.700000000000001,-67.61576340737751
2.800000000000001,-67.53289938877026
2.9000000000000012,-67.45019017928654
3.0000000000000013,-67.36763548965108
3.1000000000000014,-67.28523503112682
3.2000000000000015,-67.20298851551382
3.3000000000000016,-67.12089565514825
3.4000000000000017,-67.0389561629012
3.5000000000000018,-66.95716975217769
3.600000000000002,-66.87553613691547
3.700000000000002,-66.79405503158398
3.800000000000002,-66.7127261511832
3.900000000000002,-66.63154921124251
4.000000000000002,-66.5505239278196
4.100000000000001,-66.46965001749922
4.200000000000001,-66.38892719739218
4.300000000000001,-66.30835518513405
4.4,-66.22793369888407
4.5,-66.14766245732399
4.6,-66.06754117965679
4.699999999999999,-65.9875695856056
4.799999999999999,-65.90774739541249
4.899999999999999,-65.82807432983716
4.999999999999998,-65.74855011015586
5.099999999999998,-65.6691744581601
5.1999999999999975,-65.58994709615543
5.299999999999997,-65.51086774696017
5.399999999999997,-65.43193613390427
5.4999999999999964,-65.35315198082792
5.599999999999996,-65.27451501208034
5.699999999999996,-65.19602495251857
5.799999999999995,-65.11768152750605
5.899999999999995,-65.03948446291143
5.999999999999995,-64.96143348510724
6.099999999999994,-64.88352832096851
6.199999999999994,-64.80576869787154
6.299999999999994,-64.7281543436925
6.399999999999993,-64.65068498680604
6.499999999999993,-64.573360356084
6.5999999999999925,-64.49618018089396
6.699999999999992,-64.4191441910979
6.799999999999992,-64.34225211705075
6.8999999999999915,-64.26550368959897
6.999999999999991,-64.18889864007915
7.099999999999991,-64.11243670031647
7.19999999999999,-64.03611760262334
7.29999999999999,-63.959941079797815
7.39999999999999,-63.88390686512213
7.499999999999989,-63.80801469236114
7.599999999999989,-63.73226429576086
7.699999999999989,-63.656655410046795
7.799999999999988,-63.58118777042243
7.899999999999988,-63.50586111256759
7.999999999999988,-63.430675172636796
8.099999999999987,-63.3556296872577
8.199999999999987,-63.28072439352931
8.299999999999986,-63.20595902902038
8.399999999999986,-63.13133333176761
8.499999999999986,-63.05684704027398
8.599999999999985,-62.982499893506926
8.699999999999985,-62.90829163089659
8.799999999999985,-62.834221992333944
8.899999999999984,-62.760290718168974
8.999999999999984,-62.686497549208774
9.099999999999984,-62.61284222671566
9.199999999999983,-62.5393244924052
9.299999999999983,-62.465944088444274
9.399999999999983,-62.39270075744905
9.499999999999982,-62.3195942424829
9.599999999999982,-62.2466242870544
9.699999999999982,-62.173790635115175
9.799999999999981,-62.10109303105776
9.89999999999998,-62.028531219713386
9.99999999999998,-61.95610494634981
10.09999999999998,-61.88381395666901
10.19999999999998,-61.81165799680489
10.29999999999998,-61.73963681332093
10.399999999999979,-61.66775015320779
10.499999999999979,-61.5959977638809
10.599999999999978,-61.524379393177924
10.699999999999978,-61.452894789356286
10.799999999999978,-61.381543701090564
10.899999999999977,-61.31032587746988
10.999999999999977,-61.239241067995195
11.099999999999977,-61.168289022576616
11.199999999999976,-61.09746949153057
11.299999999999976,-61.02678222557701
11.399999999999975,-60.95622697583649
11.499999999999975,-60.88580349382724
11.599999999999975,-60.81551153146212
11.699999999999974,-60.745350841045564
11.799999999999974,-60.675321175270454
11.899999999999974,-60.605422287214935
11.999999999999973,-60.535653930339116
12.099999999999973,-60.46601585848177
12.199999999999973,-60.396507825856915
12.299999999999972,-60.32712958705038
12.399999999999972,-60.25788089701621
12.499999999999972,-60.1887615110731
12.599999999999971,-60.11977118490071
12.69999999999997,-60.050909674535895
12.79999999999997,-59.982176736368814
12.89999999999997,-59.91357212713907
12.99999999999997,-59.84509560393167
13.09999999999997,-59.77674692417294
13.199999999999969,-59.70852584562638
13.299999999999969,-59.64043212638836
13.399999999999968,-59.57246552488378
13.499999999999968,-59.50462579986164
13.599999999999968,-59.43691271039048
13.699999999999967,-59.36932601585377
13.799999999999967,-59.30186547594515
13.899999999999967,-59.234530850663624
13.999999999999966,-59.16732190030863
14.099999999999966,-59.10023838547498
14.199999999999966,-59.03328006704774
14.299999999999965,-58.96644670619695
14.399999999999965,-58.8997380643723
14.499999999999964,-58.83315390329762
14.599999999999964,-58.76669398496533
14.699999999999964,-58.7003580716307
14.799999999999963,-58.63414592580605
14.899999999999963,-58.56805731025476
14.999999999999963,-58.50209198798525
15.099999999999962,-58.43624972224478
15.199999999999962,-58.37053027651307
15.299999999999962,-58.3049334144959
15.399999999999961,-58.23945890011848
15.499999999999961,-58.17410649751875
15.59999999999996,-58.10887597104048
15.69999999999996,-58.04376708522631
15.79999999999996,-57.97877960481056
15.89999999999996,-57.913913294711946
15.99999999999996,-57.849167920026126
16.09999999999996,-57.78454324601812
16.19999999999996,-57.72003903811452
16.29999999999996,-57.65565506189563
16.399999999999963,-57.59139108308737
16.499999999999964,-57.527246867553075
16.599999999999966,-57.463222181285026
16.699999999999967,-57.39931679039598
16.79999999999997,-57.335530461110366
16.89999999999997,-57.27186295975544
16.99999999999997,-57.20831405275214
17.099999999999973,-57.14488350660588
17.199999999999974,-57.08157108789709
17.299999999999976,-57.018376563271566
17.399999999999977,-56.95529969943071
17.49999999999998,-56.89234026312148
17.59999999999998,-56.829498021126234
17.69999999999998,-56.76677274025229
17.799999999999983,-56.7041641873214
17.899999999999984,-56.641672129158906
17.999999999999986,-56.579296332582786
18.099999999999987,-56.51703656439241
18.19999999999999,-56.45489259135718
18.29999999999999,-56.39286418020486
18.39999999999999,-56.33095109760977
18.499999999999993,-56.269153110180696
18.599999999999994,-56.207469984448636
18.699999999999996,-56.14590148685427
18.799999999999997,-56.08444738373525
18.9,-56.02310744131321
19.0,-55.96188142568058
19.1,-55.90076910278715
19.200000000000003,-55.83977023842641
19.300000000000004,-55.778884598221595
19.400000000000006,-55.71811194761152
19.500000000000007,-55.657452051836216
19.60000000000001,-55.59690467592223
19.70000000000001,-55.536469584667714
19.80000000000001,-55.476146542627205
19.900000000000013,-55.41593531409626
20.000000000000014,-55.35583566309566
20.100000000000016,-55.29584735335554
20.200000000000017,-55.23597014829906
20.30000000000002,-55.17620381102593
20.40000000000002,-55.11654810429562
20.50000000000002,-55.05700279051028
20.600000000000023,-54.9975676316974
20.700000000000024,-54.93824238949213
20.800000000000026,-54.87902682511941
20.900000000000027,-54.8199206993757
21.00000000000003,-54.7609237726105
21.10000000000003,-54.702035804707506
21.20000000000003,-54.64325655506555
21.300000000000033,-54.58458578257911
21.400000000000034,-54.52602324561867
21.500000000000036,-54.4675687020106
21.600000000000037,-54.40922190901689
21.70000000000004,-54.35098262331444
21.80000000000004,-54.29285060097406
21.90000000000004,-54.234825597439254
22.000000000000043,-54.176907367504484
22.100000000000044,-54.11909566529327
22.200000000000045,-54.06139024423591
22.300000000000047,-54.00379085704682
22.40000000000005,-53.94629725570162
22.50000000000005,-53.88890919141379
22.60000000000005,-53.83162641461103
22.700000000000053,-53.7744486749113
22.800000000000054,-53.717375721098435
22.900000000000055,-53.66040730109749
23.000000000000057,-53.60354316194967
23.10000000000006,-53.546783049786924
23.20000000000006,-53.49012670980615
23.30000000000006,-53.43357388624308
23.400000000000063,-53.37712432234578
23.500000000000064,-53.32077776034774
23.600000000000065,-53.26453394144063
23.700000000000067,-53.2083926057467
23.800000000000068,-53.152353492290715
23.90000000000007,-53.09641633897155
24.00000000000007,-53.04058088253345
24.100000000000072,-52.984846858536805
24.200000000000074,-52.929214001328596
24.300000000000075,-52.87368204401239
24.400000000000077,-52.818250718417985
24.500000000000078,-52.76291975507061
24.60000000000008,-52.70768888315974
24.70000000000008,-52.65255783050746
24.800000000000082,-52.5975263235365
24.900000000000084,-52.5425940872377
25.000000000000085,-52.48776084513722
25.100000000000087,-52.43302631926316
25.200000000000088,-52.37839023011193
25.30000000000009,-52.323852296613964
25.40000000000009,-52.26941223609919
25.500000000000092,-52.215069764261955
25.600000000000094,-52.16082459512549
25.700000000000095,-52.106676441006
25.800000000000097,-52.0526250124762
25.900000000000098,-51.99867001832847
26.0000000000001,-51.94481116553749
26.1000000000001,-51.89104815922241
26.200000000000102,-51.83738070260859
26.300000000000104,-51.7838084969888
26.400000000000105,-51.73033124168392
26.500000000000107,-51.67694863400325
26.600000000000108,-51.6236603692042
26.70000000000011,-51.570466140451536
26.80000000000011,-51.51736563877613
26.900000000000112,-51.46435855303315
27.000000000000114,-51.411444569859796
27.100000000000115,-51.35862337363238
27.200000000000117,-51.30589464642306
27.300000000000118,-51.25325806795585
27.40000000000012,-51.200713315562176
27.50000000000012,-51.1482600641359
27.600000000000122,-51.09589798608771
27.700000000000124,-51.04362675129897
27.800000000000125,-50.99144602707503
27.900000000000126,-50.939355478097866
28.000000000000128,-50.88735476637823
28.10000000000013,-50.835443551207106
28.20000000000013,-50.78362148910662
28.300000000000132,-50.731888233780275
28.400000000000134,-50.6802434360626
28.500000000000135,-50.62868674386815
28.600000000000136,-50.57721780213984
28.700000000000138,-50.52583625279664
28.80000000000014,-50.47454173468054
28.90000000000014,-50.42333388350296
29.000000000000142,-50.37221233179034
29.100000000000144,-50.32117670882906
29.200000000000145,-50.27022664060968
29.300000000000146,-50.21936174977043
29.400000000000148,-50.168581655539924
29.50000000000015,-50.11788597367918
29.60000000000015,-50.06727431642278
29.700000000000152,-50.01674629241937
29.800000000000153,-49.966301506671215
29.900000000000155,-49.915939560473056
30.000000000000156,-49.86566005135006
30.100000000000158,-49.81546257299499
30.20000000000016,-49.76534671520441
30.30000000000016,-49.71531206381411
30.400000000000162,-49.66535820063358
30.500000000000163,-49.61548470337953
30.600000000000165,-49.565691145608554
30.700000000000166,-49.51597709664873
30.800000000000168,-49.466342121530346
30.90000000000017,-49.41678578091552
31.00000000000017,-49.36730763102686
31.100000000000172,-49.31790722357506
31.200000000000173,-49.268584105685406
31.300000000000175,-49.21933781982317
31.400000000000176,-49.170167903717925
31.500000000000178,-49.121073890286695
31.60000000000018,-49.072055307555885
31.70000000000018,-49.02311167858204
31.800000000000182,-48.97424252137138
31.900000000000183,-48.925447348798
32.000000000000185,-48.876725668520876
32.100000000000186,-48.82807698289942
32.20000000000019,-48.779500788907775
32.30000000000019,-48.73099657804764
32.40000000000019,-48.68256383625967
32.50000000000019,-48.63420204383344
32.60000000000019,-48.58591067531586
32.700000000000195,-48.537689199418026
32.800000000000196,-48.48953707892052
32.9000000000002,-48.441453770577056
33.0000000000002,-48.39343872501642
33.1000000000002,-48.345491386642735
33.2000000000002,-48.29761119353387
33.3000000000002,-48.24979757733814
33.400000000000205,-48.20204996316906
33.500000000000206,-48.154367769498144
33.60000000000021,-48.106750408045826
33.70000000000021,-48.05919728367028
33.80000000000021,-48.011707794254136
33.90000000000021,-47.9642813305891
34.00000000000021,-47.91691727625831
34.100000000000215,-47.869615007516444
34.200000000000216,-47.82237389316748
34.30000000000022,-47.77519329444006
34.40000000000022,-47.72807256486032
34.50000000000022,-47.68101105012225
34.60000000000022,-47.63400808795535
34.70000000000022,-47.58706300798962
34.800000000000225,-47.54017513161775
34.900000000000226,-47.49334377185444
35.00000000000023,-47.446568233192764
35.10000000000023,-47.39984781145749
35.20000000000023,-47.35318179365524
35.30000000000023,-47.30656945782145
35.40000000000023,-47.260010072864
35.500000000000234,-47.21350289840331
35.600000000000236,-47.16704718460905
35.70000000000024,-47.12064217203307
35.80000000000024,-47.074287091438634
35.90000000000024,-47.02798116362571
36.00000000000024,-46.981723599252334
36.10000000000024,-46.935513598651774
36.200000000000244,-46.88935035164545
36.300000000000246,-46.84323303735146
36.40000000000025,-46.797160823988584
36.50000000000025,-46.751132868675555
36.60000000000025,-46.705148317225536
36.70000000000025,-46.65920630393559
36.80000000000025,-46.613305951371025
36.900000000000254,-46.567446370144346
37.000000000000256,-46.52162665868878
37.10000000000026,-46.4758459030261
37.20000000000026,-46.43010317652856
37.30000000000026,-46.38439753967485
37.40000000000026,-46.33872803979966
37.50000000000026,-46.29309371083693
37.600000000000264,-46.24749357305626
37.700000000000266,-46.20192663279255
37.80000000000027,-46.15639188216838
37.90000000000027,-46.110888298809066
38.00000000000027,-46.06541484555008
38.10000000000027,-46.0199704701365
38.20000000000027,-45.974554104914375
38.300000000000274,-45.92916466651357
38.400000000000276,-45.88380105552187
38.50000000000028,-45.838462156150044
38.60000000000028,-45.79314683588753
38.70000000000028,-45.74785394514841
38.80000000000028,-45.702582316907296
38.90000000000028,-45.65733076632493
39.000000000000284,-45.61209809036285
39.100000000000286,-45.56688306738701
39.20000000000029,-45.52168445675977
39.30000000000029,-45.47650099841992
39.40000000000029,-45.431331412450305
39.50000000000029,-45.386174398632484
39.60000000000029,-45.34102863598815
39.700000000000294,-45.29589278230662
39.800000000000296,-45.250765473658
39.9000000000003,-45.20564532389141
40.0000000000003,-45.160530924117815
40.1000000000003,-45.11542084217675
40.2000000000003,-45.070313622086424
40.3000000000003,-45.0252077834765
40.400000000000304,-44.98010182100299
40.500000000000306,-44.93499420374438
40.60000000000031,-44.889883374578545
40.70000000000031,-44.84476774953938
40.80000000000031,-44.799645717152586
40.90000000000031,-44.754515637749705
41.00000000000031,-44.70937584275954
41.100000000000314,-44.66422463397601
41.200000000000315,-44.61906028280161
41.30000000000032,-44.57388102946538
41.40000000000032,-44.52868508221435
41.50000000000032,-44.48347061647749
41.60000000000032,-44.438235774000844
41.70000000000032,-44.39297866195285
41.800000000000324,-44.347697351998406
41.900000000000325,-44.30238987934055
42.00000000000033,-44.257054241728255
42.10000000000033,-44.21168839842895
42.20000000000033,-44.16629026916422
42.30000000000033,-44.1208577330072
42.40000000000033,-44.07538862723977
42.500000000000334,-44.02988074616808
42.600000000000335,-43.98433183989437
42.70000000000034,-43.93873961304316
42.80000000000034,-43.89310172343991
42.90000000000034,-43.847415780739816
43.00000000000034,-43.80167934500463
43.10000000000034,-43.75588992522506
43.200000000000344,-43.710044977786325
43.300000000000345,-43.66414190487404
43.40000000000035,-43.618178052817946
43.50000000000035,-43.57215071037024
43.60000000000035,-43.52605710691567
43.70000000000035,-43.47989441060999
43.80000000000035,-43.43365972644329
43.900000000000354,-43.387350094224786
44.000000000000355,-43.34096248648494
44.10000000000036,-43.294493806291015
44.20000000000036,-43.24794088497174
44.30000000000036,-43.201300479746514
44.40000000000036,-43.15456927125431
44.50000000000036,-43.107743860977216
44.600000000000364,-43.060820768553185
44.700000000000365,-43.01379642897227
44.80000000000037,-42.96666718965023
44.90000000000037,-42.91942930737312
45.00000000000037,-42.872078945105955
45.10000000000037,-42.824612168658156
45.20000000000037,-42.77702494319813
45.300000000000374,-42.72931312960867
45.400000000000375,-42.681472480674444
45.50000000000038,-42.63349863709229
45.60000000000038,-42.585387123294346
45.70000000000038,-42.5371333430735
45.80000000000038,-42.48873257499977
45.90000000000038,-42.44017996761572
46.000000000000384,-42.39147053439793
46.100000000000385,-42.34259914847091
46.20000000000039,-42.293560537058696
46.30000000000039,-42.24434927565845
46.40000000000039,-42.19495978191934
46.50000000000039,-42.14538630920856
46.60000000000039,-42.0956229398454
46.700000000000394,-42.04566357798248
46.800000000000395,-41.9955019421121
46.9000000000004,-41.945131557173795
47.0000000000004,-41.894545746237554
47.1000000000004,-41.843737621734995
47.2000000000004,-41.79270007620898
47.3000000000004,-41.74142577254967
47.400000000000404,-41.68990713368251
47.500000000000405,-41.63813633167112
47.600000000000406,-41.58610527619473
47.70000000000041,-41.53380560235706
47.80000000000041,-41.481228657779525
47.90000000000041,-41.42836548892799
48.00000000000041,-41.375206826618175
48.10000000000041,-41.32174307063989
48.200000000000415,-41.26796427343528
48.300000000000416,-41.213860122760835
48.40000000000042,-41.15941992325631
48.50000000000042,-41.10463257683744
48.60000000000042,-41.049486561821375
48.70000000000042,-40.99396991068572
48.80000000000042,-40.93807018635286
48.900000000000425,-40.88177445688117
49.000000000000426,-40.82506926843339
49.10000000000043,-40.76794061638015
49.20000000000043,-40.710373914382615
49.30000000000043,-40.65235396128303
49.40000000000043,-40.593864905614765
49.50000000000043,-40.534890207524185
49.600000000000435,-40.475412597875575
49.700000000000436,-40.41541403428624
49.80000000000044,-40.354875653812265
49.90000000000044,-40.293777721975154
50.00000000000044,-40.23209957778606
50.10000000000044,-40.16981957438594
50.20000000000044,-40.10691501487709
50.300000000000445,-40.04336208287303
50.400000000000446,-39.97913576723861
50.50000000000045,-39.91420978042964
50.60000000000045,-39.848556469770664
50.70000000000045,-39.78214672092833
50.80000000000045,-39.71494985274556
50.90000000000045,-39.64693350249614
51.000000000000455,-39.57806350049801
51.100000000000456,-39.50830373288433
51.20000000000046,-39.437615991170844
51.30000000000046,-39.36595980707261
51.40000000000046,-39.29329227080842
51.50000000000046,-39.219567830881786
51.60000000000046,-39.14473807303696
51.700000000000465,-39.06875147574921
51.800000000000466,-38.99155313921116
51.90000000000047,-38.91308448431025
52.00000000000047,-38.83328291754164
52.10000000000047,-38.75208145715027
52.20000000000047,-38.669408315022274
52.30000000000047,-38.585186427925976
52.400000000000475,-38.4993329306011
52.500000000000476,-38.411758561872965
52.60000000000048,-38.32236699337461
52.70000000000048,-38.23105406852951
52.80000000000048,-38.1377069370998
52.90000000000048,-38.04220306773496
53.00000000000048,-37.944409117430794
53.100000000000485,-37.84417963245506
53.200000000000486,-37.741355549890265
53.30000000000049,-37.63576246219227
53.40000000000049,-37.52720859867786
53.50000000000049,-37.415482467121514
53.60000000000049,-37.30035008497141
53.70000000000049,-37.18155171215716
53.800000000000495,-37.05879797478801
53.900000000000496,-36.93176523948438
54.0000000000005,-36.800090059220665
54.1000000000005,-36.66336245997197
54.2000000000005,-36.5211177683033
54.3000000000005,-36.37282658633443
54.4000000000005,-36.217882392077136
54.500000000000504,-36.0555860649062
54.600000000000506,-35.885126385258076
54.70000000000051,-35.705555199971
54.80000000000051,-35.515755426209374
54.90000000000051,-35.31439930235703
55.00000000000051,-35.09989314542453
55.10000000000051,-34.87030311220897
55.200000000000514,-34.62325369568957
55.300000000000516,-34.355786236272195
55.40000000000052,-34.06415735626446
55.50000000000052,-33.74354462785749
55.60000000000052,-33.38760446871382
55.70000000000052,-32.987786085697806
55.80000000000052,-32.53222569319943
55.900000000000524,-32.00388284730999
56.000000000000526,-31.377227998502228
56.10000000000053,-30.61196570872567
56.20000000000053,-29.640176387096183
56.30000000000053,-28.337340809674522
56.40000000000053,-26.449133552970125
56.50000000000053,-23.382548928768678
56.600000000000534,-17.58812692618772
56.700000000000536,-5.821231288952127
56.80000000000054,10.458080212463898
56.90000000000054,23.659686505555698
57.00000000000054,32.283142697535254
57.10000000000054,36.849662420881856
57.20000000000054,37.5834604367198
57.300000000000544,34.501652873212365
57.400000000000546,27.89320305265239
57.50000000000055,18.661139117301907
57.60000000000055,8.29327290329475
57.70000000000055,-1.6368466082204236
57.80000000000055,-10.208839246800203
57.90000000000055,-17.651384047571415
58.000000000000554,-25.225500193507283
58.100000000000556,-33.946615490542264
58.20000000000056,-42.37711365530564
58.30000000000056,-49.360665819889924
58.40000000000056,-55.00733434237938
58.50000000000056,-59.58725555440776
58.60000000000056,-63.32842610859912
58.700000000000564,-66.4087481984055
58.800000000000566,-68.96462733353721
58.90000000000057,-71.10066588006408
59.00000000000057,-72.89764191201732
59.10000000000057,-74.41849465970095
59.20000000000057,-75.71270903338566
59.30000000000057,-76.81952763486201
59.400000000000574,-77.77032209863563
59.500000000000576,-78.59036093982296
59.60000000000058,-79.30014053372804
59.70000000000058,-79.91639660122333
59.80000000000058,-80.4528796309739
59.90000000000058,-80.92095417855639
60.00000000000058,-81.33006556657416
60.100000000000584,-81.68810590988687
60.200000000000585,-82.00170310238599
60.30000000000059,-82.27645041858297
60.40000000000059,-82.51709002179602
60.50000000000059,-82.72766046271587
60.60000000000059,-82.91161587279132
60.70000000000059,-83.0719227783781
60.800000000000594,-83.21113912250053
60.900000000000595,-83.33147906589514
61.0000000000006,-83.43486636439607
61.1000000000006,-83.52297852503891
61.2000000000006,-83.59728348404249
61.3000000000006,-83.65907019324234
61.4000000000006,-83.7094742231838
61.500000000000604,-83.74949927267193
61.600000000000605,-83.78003530236768
61.70000000000061,-83.80187387360438
61.80000000000061,-83.81572116504697
61.90000000000061,-83.82220905306232
62.00000000000061,-83.82190457204292
62.10000000000061,-83.81531801482085
62.200000000000614,-83.80290988792147
62.300000000000615,-83.78509689954939
62.40000000000062,-83.76225712816024
62.50000000000062,-83.73473449490288
62.60000000000062,-83.70284264305069
62.70000000000062,-83.6668683109358
62.80000000000062,-83.6270742711804
62.900000000000624,-83.58370189764989
63.000000000000625,-83.53697341210047
63.10000000000063,-83.48709385461336
63.20000000000063,-83.43425281531766
63.30000000000063,-83.37862595937811
63.40000000000063,-83.32037637257771
63.50000000000063,-83.2596557509075
63.600000000000634,-83.1966054542651
63.700000000000635,-83.13135744155757
63.80000000000064,-83.06403510212077
63.90000000000064,-82.99475399633826
64.00000000000064,-82.92362251661068
64.10000000000063,-82.8507424783455
64.20000000000063,-82.77620964936716
64.30000000000062,-82.70011422505705
64.40000000000062,-82.62254125559411
64.50000000000061,-82.54357103085756
64.6000000000006,-82.46327942785351
64.7000000000006,-82.38173822492239
64.8000000000006,-82.29901538645885
64.90000000000059,-82.21517532142025
65.00000000000058,-82.13027911850324
65.10000000000058,-82.04438476052253
65.20000000000057,-81.95754732022459
65.30000000000057,-81.86981913950552
65.40000000000056,-81.78124999377225
65.50000000000055,-81.69188724298407
65.60000000000055,-81.6017759707348
65.70000000000054,-81.51095911258042
65.80000000000054,-81.41947757468004
65.90000000000053,-81.32737034369866
66.00000000000053,-81.23467458881343
66.10000000000052,-81.14142575657246
66.20000000000051,-81.04765765927252
66.30000000000051,-80.95340255744945
66.4000000000005,-80.85869123701089
66.5000000000005,-80.76355308148374
66.60000000000049,-80.66801613979914
66.70000000000049,-80.57210718999251
66.80000000000048,-80.47585179915731
66.90000000000047,-80.37927437995583
67.00000000000047,-80.28239824395949
67.10000000000046,-80.1852456520634
67.20000000000046,-80.08783786219567
67.30000000000045,-79.99019517452004
67.40000000000045,-79.89233697431116
67.50000000000044,-79.79428177266456
67.60000000000043,-79.69604724518815
67.70000000000043,-79.59765026880834
67.80000000000042,-79.4991069568118
67.90000000000042,-79.40043269223304
68.00000000000041,-79.3016421596881
68.1000000000004,-79.20274937574646
68.2000000000004,-79.10376771792495
68.3000000000004,-79.00470995238109
68.40000000000039,-78.9055882603767
68.50000000000038,-78.80641426357735
68.60000000000038,-78.70719904824793
68.70000000000037,-78.60795318840059
68.80000000000037,-78.50868676794676
68.90000000000036,-78.40940940190168
69.00000000000036,-78.31013025668665
69.10000000000035,-78.21085806957075
69.20000000000034,-78.1116011672919
69.30000000000034,-78.01236748389385
69.40000000000033,-77.91316457781417
69.50000000000033,-77.81399964825573
69.60000000000032,-77.71487955087295
69.70000000000032,-77.61581081280178
69.80000000000031,-77.51679964706119
69.9000000000003,-77.41785196635257
70.0000000000003,-77.31897339628182
70.10000000000029,-77.22016928802809
70.20000000000029,-77.1214447304817
70.30000000000028,-77.02280456187282
70.40000000000028,-76.9242533809117
70.50000000000027,-76.82579555745994
70.60000000000026,-76.72743524275192
70.70000000000026,-76.62917637918426
70.80000000000025,-76.53102270969072
70.90000000000025,-76.43297778671926
71.00000000000024,-76.33504498082696
71.10000000000024,-76.23722748890833
71.20000000000023,-76.13952834207157
71.30000000000022,-76.04195041317705
71.40000000000022,-75.94449642405147
71.50000000000021,-75.84716895239077
71.60000000000021,-75.74997043836444
71.7000000000002,-75.6529031909332
71.8000000000002,-75.55596939389179
71.90000000000019,-75.4591711116479
72.00000000000018,-75.36251029474819
72.10000000000018,-75.26598878516157
72.20000000000017,-75.1696083213298
72.30000000000017,-75.07337054299501
72.40000000000016,-74.97727699581327
72.50000000000016,-74.88132913576321
72.60000000000015,-74.7855283333581
72.70000000000014,-74.68987587766966
72.80000000000014,-74.59437298017149
72.90000000000013,-74.49902077840974
73.00000000000013,-74.40382033950831
73.10000000000012,-74.30877266351541
73.20000000000012,-74.21387868659868
73.30000000000011,-74.11913928409476
73.4000000000001,-74.02455527342009
73.5000000000001,-73.93012741684853
73.6000000000001,-73.83585642416179
73.70000000000009,-73.74174295517793
73.80000000000008,-73.64778762216362
73.90000000000008,-73.55399099213483
74.00000000000007,-73.46035358905112
74.10000000000007,-73.36687589590804
74.20000000000006,-73.27355835673224
74.30000000000005,-73.18040137848354
74.40000000000005,-73.0874053328682
74.50000000000004,-72.99457055806712
74.60000000000004,-72.90189736038305
74.70000000000003,-72.80938601581016
74.80000000000003,-72.7170367715298
74.90000000000002,-72.62484984733544
75.00000000000001,-72.53282543699022
75.10000000000001,-72.44096370952008
75.2,-72.34926481044546
75.3,-72.2577288629543
75.39999999999999,-72.16635596901904
75.49999999999999,-72.07514621046033
75.59999999999998,-71.98409964995975
75.69999999999997,-71.89321633202383
75.79999999999997,-71.80249628390192
75.89999999999996,-71.71193951645976
75.99999999999996,-71.62154602501093
76.09999999999995,-71.53131579010812
76.19999999999995,-71.44124877829624
76.29999999999994,-71.35134494282883
76.39999999999993,-71.26160422434988
76.49999999999993,-71.1720265515424
76.59999999999992,-71.08261184174546
76.69999999999992,-70.99336000154118
76.79999999999991,-70.90427092731298
76.8999999999999,-70.81534450577658
76.9999999999999,-70.72658061448509
77.0999999999999,-70.63797912230916
77.19999999999989,-70.54953988989377
77.29999999999988,-70.46126277009238
77.39999999999988,-70.37314760837988
77.49999999999987,-70.28519424324513
77.59999999999987,-70.19740250656409
77.69999999999986,-70.1097722239546
77.79999999999986,-70.02230321511364
77.89999999999985,-69.93499529413782
77.99999999999984,-69.84784826982806
78.09999999999984,-69.76086194597913
78.19999999999983,-69.67403612165484
78.29999999999983,-69.5873705914495
78.39999999999982,-69.50086514573651
78.49999999999982,-69.41451957090442
78.59999999999981,-69.32833364958131
78.6999999999998,-69.24230716084799
78.7999999999998,-69.15643988044047
78.89999999999979,-69.07073158094249
78.99999999999979,-68.98518203196821
79.09999999999978,-68.8997910003359
79.19999999999978,-68.8145582502329
79.29999999999977,-68.72948354337233
79.39999999999976,-68.64456663914181
79.49999999999976,-68.55980729474499
79.59999999999975,-68.47520526533563
79.69999999999975,-68.39076030414523
79.79999999999974,-68.30647216260404
79.89999999999974,-68.22234059045611
79.99999999999973,-68.13836533586847
80.09999999999972,-68.0545461455348
80.19999999999972,-67.97088276477393
80.29999999999971,-67.88737493762333
80.39999999999971,-67.80402240692784
80.4999999999997,-67.720824914424
80.5999999999997,-67.63778220082001
80.69999999999969,-67.55489400587176
80.79999999999968,-67.47216006845485
80.89999999999968,-67.38958012663315
80.99999999999967,-67.3071539177237
81.09999999999967,-67.22488117835842
81.19999999999966,-67.14276164454265
81.29999999999966,-67.06079505171074
81.39999999999965,-66.97898113477876
81.49999999999964,-66.89731962819452
81.59999999999964,-66.81581026598512
81.69999999999963,-66.73445278180195
81.79999999999963,-66.65324690896352
81.89999999999962,-66.57219238049602
81.99999999999962,-66.49128892917172
82.09999999999961,-66.41053628754561
82.1999999999996,-66.32993418798998
82.2999999999996,-66.24948236272726
82.3999999999996,-66.16918054386122
82.49999999999959,-66.08902846340648
82.59999999999958,-66.00902585331656
82.69999999999958,-65.92917244551045
82.79999999999957,-65.84946797189778
82.89999999999957,-65.76991216440274
82.99999999999956,-65.69050475498663
83.09999999999955,-65.61124547566939
83.19999999999955,-65.53213405854984
83.29999999999954,-65.453170235825
83.39999999999954,-65.3743537398083
83.49999999999953,-65.29568430294681
83.59999999999953,-65.21716165783762
83.69999999999952,-65.13878553724332
83.79999999999951,-65.06055567410662
83.89999999999951,-64.9824718015642
83.9999999999995,-64.90453365295983
84.0999999999995,-64.82674096185671
84.19999999999949,-64.74909346204925
84.29999999999949,-64.67159088757406
84.39999999999948,-64.5942329727204
84.49999999999947,-64.5170194520401
84.59999999999947,-64.43995006035674
84.69999999999946,-64.36302453277452
84.79999999999946,-64.28624260468646
84.89999999999945,-64.20960401178223
84.99999999999945,-64.1331084900554
85.09999999999944,-64.05675577581039
85.19999999999943,-63.980545605668866
85.29999999999943,-63.904477716575855
85.39999999999942,-63.82855184580539
85.49999999999942,-63.75276773096587
85.59999999999941,-63.67712511000501
85.6999999999994,-63.60162372121448
85.7999999999994,-63.52626330323424
85.8999999999994,-63.45104359505659
85.99999999999939,-63.37596433602986
86.09999999999938,-63.301025265861924
86.19999999999938,-63.22622612462334
86.29999999999937,-63.151566652750326
86.39999999999937,-63.07704659104748
86.49999999999936,-63.00266568069017
86.59999999999935,-62.928423663226866
86.69999999999935,-62.854320280581106
86.79999999999934,-62.78035527505332
86.89999999999934,-62.70652838932247
86.99999999999933,-62.6328393664475
87.09999999999933,-62.55928794986852
87.19999999999932,-62.485873883407926
87.29999999999932,-62.41259691127126
87.39999999999931,-62.33945677804796
87.4999999999993,-62.26645322871193
87.5999999999993,-62.193586008621935
87.69999999999929,-62.12085486352187
87.79999999999929,-62.04825953954089
87.89999999999928,-61.975799783193345
87.99999999999928,-61.90347534137868
88.09999999999927,-61.831285961381056
88.19999999999926,-61.75923139086898
88.29999999999926,-61.68731137789474
88.39999999999925,-61.61552567089366
88.49999999999925,-61.54387401868336
88.59999999999924,-61.47235617046281
88.69999999999924,-61.40097187581128
88.79999999999923,-61.32972088468716
88.89999999999922,-61.25860294742672
88.99999999999922,-61.187617814742694
89.09999999999921,-61.11676523772279
89.1999999999992,-61.046044967828074
89.2999999999992,-60.975456756891276
89.3999999999992,-60.90500035711494
89.49999999999919,-60.834675521069485
89.59999999999918,-60.764482001691206
89.69999999999918,-60.694419552280095
89.79999999999917,-60.624487926497615
89.89999999999917,-60.55468687836435
89.99999999999916,-60.48501616225752
90.09999999999916,-60.41547553290846
90.19999999999915,-60.34606474539996
90.29999999999914,-60.27678355516344
90.39999999999914,-60.20763171797614
90.49999999999913,-60.138608989958136
90.59999999999913,-60.06971512756924
90.69999999999912,-60.0009498876058
90.79999999999912,-59.93231302719745
90.89999999999911,-59.863804303803704
90.9999999999991,-59.79542347521043
91.0999999999991,-59.72717029952624
91.1999999999991,-59.65904453517879
91.29999999999909,-59.591045940910945
91.39999999999908,-59.523174275776825
91.49999999999908,-59.455429299137734
91.59999999999907,-59.38781077065802
91.69999999999906,-59.32031845030081
91.79999999999906,-59.252952098323576
91.89999999999905,-59.18571147527364
91.99999999999905,-59.11859634198355
92.09999999999904,-59.0516064595663
92.19999999999904,-58.98474158941049
92.29999999999903,-58.9180014931753
92.39999999999903,-58.851385932785405
92.49999999999902,-58.784894670425686
92.59999999999901,-58.71852746853591
92.69999999999901,-58.652284089805164
92.799999999999,-58.58616429716626
92.899999999999,-58.520167853789964
92.99999999999899,-58.45429452307907
93.09999999999899,-58.388544068662384
93.19999999999898,-58.3229162543885
93.29999999999897,-58.25741084431953
93.39999999999897,-58.19202760272461
93.49999999999896,-58.12676629407329
93.59999999999896,-58.06162668302879
93.69999999999895,-57.99660853444105
93.79999999999895,-57.931711613339715
93.89999999999894,-57.86693568492687
93.99999999999893,-57.80228051456973
94.09999999999893,-57.73774586779303
94.19999999999892,-57.673331510271396
94.29999999999892,-57.60903720782146
94.39999999999891,-57.54486272639381
94.4999999999989,-57.48080783206484
94.5999999999989,-57.416872291028376
94.6999999999989,-57.3530558695871
94.79999999999889,-57.28935833414387
94.89999999999888,-57.225779451192814
94.99999999999888,-57.16231898731024
95.09999999999887,-57.098976709145404
95.19999999999887,-57.03575238341104
95.29999999999886,-56.97264577687369
95.39999999999885,-56.909656656343955
95.49999999999885,-56.8467847886664
95.59999999999884,-56.784029940709345
95.69999999999884,-56.72139187935445
95.79999999999883,-56.6588703714861
95.89999999999883,-56.59646518398053
95.99999999999882,-56.53417608369482
96.09999999999881,-56.472002837455605
96.19999999999881,-56.40994521204766
96.2999999999988,-56.348002974202174
96.3999999999988,-56.286175890584815
96.49999999999879,-56.22446372778366
96.59999999999879,-56.162866252296766
96.69999999999878,-56.10138323051967
96.79999999999878,-56.04001442873253
96.89999999999877,-55.978759613087036
96.99999999999876,-55.91761854959315
97.09999999999876,-55.85659100410559
97.19999999999875,-55.795676742310036
97.29999999999875,-55.7348755297091
97.39999999999874,-55.674187131608065
97.49999999999874,-55.61361131310037
97.59999999999873,-55.55314783905281
97.69999999999872,-55.4927964740905
97.79999999999872,-55.43255698258156
97.89999999999871,-55.372429128621604
97.9999999999987,-55.31241267601784
98.0999999999987,-55.252507388273024
98.1999999999987,-55.19271302856902
98.29999999999869,-55.133029359750196
98.39999999999868,-55.07345614430648
98.49999999999868,-55.013993144356135
98.59999999999867,-54.95464012162826
98.69999999999867,-54.89539683744499
98.79999999999866,-54.83626305270343
98.89999999999866,-54.77723852785728
98.99999999999865,-54.71832302289813
99.09999999999864,-54.65951629733652
99.19999999999864,-54.60081811018265
99.29999999999863,-54.54222821992677
99.39999999999863,-54.48374638451932
99.49999999999862,-54.425372361350696
99.59999999999862,-54.36710590723074
99.69999999999861,-54.30894677836788
99.7999999999986,-54.25089473034798
99.8999999999986,-54.19294951811284
99.9999999999986,-54.13511089593838
